lambda_um	epsilon	I_BB
25.05056	100.0	5357001.841804011
24.9902	-25.9744	5406838.127117394
24.93013	-9.5531	5457011.210172489
24.87034	8.41283	5507529.21252696
24.81084	25.81684	5558383.393146962
24.75163	36.7892	5609573.251429336
24.6927	38.63091	5661107.016743778
24.63404	39.36833	5712993.255491969
24.57567	40.02016	5765213.886709851
24.51757	41.14422	5817786.351446943
24.45975	43.417	5870701.238844516
24.4022	43.59851	5923967.276831188
24.34491	43.57705	5977593.548712781
24.2879	45.69448	6031560.942734716
24.23115	46.43444	6085887.939640817
24.17467	45.75699	6140564.611457721
24.11845	40.59104	6195600.222939237
24.06249	35.50056	6250994.459365951
24.00679	37.13349	6306746.945104822
23.95134	38.18178	6362867.41962436
23.89616	45.14761	6419335.141331841
23.84123	56.45893	6476170.014730902
23.78654	70.43816	6533382.273861564
23.73211	82.36716	6590950.65227387
23.67793	85.40115	6648885.147974987
23.62399	90.44687	6707196.162459144
23.5703	92.57902	6765872.5331100095
23.51686	91.87954	6824913.66793943
23.46365	90.89734	6884341.368137462
23.41068	90.29436	6944144.29121197
23.35796	90.21457	7004310.5480424035
23.30547	91.31154	7064862.485761289
23.25321	93.61354	7125799.936646786
23.20119	97.0744	7187110.826234716
23.1494	99.09228	7248806.465682131
23.09785	99.17119	7310874.404081722
23.04652	99.16387	7373338.314619427
22.99541	98.94328	7436198.117156686
22.94454	98.39933	7499428.68434232
22.89389	97.22449	7563054.284746093
22.84346	95.4162	7627074.661494378
22.79326	94.04776	7691476.60254783
22.74328	92.18269	7756272.357855712
22.69351	91.72512	7821474.658011051
22.64396	92.71048	7887070.109672559
22.59463	90.89708	7953058.1537524145
22.5455	87.92575	8019465.341772727
22.4966	86.92377	8086250.650776843
22.44791	87.05524	8153440.65013343
22.39942	88.6486	8221048.971520071
22.35115	90.08309	8289047.287134355
22.30308	90.4874	8357463.269528228
22.25522	85.58042	8426282.341279317
22.20757	85.88848	8495503.876888942
22.16011	87.50049	8565156.689216431
22.11286	84.77155	8635211.125376694
22.06581	82.02332	8705681.42680978
22.01897	80.52412	8776551.967046874
21.97231	80.49928	8847867.887825532
21.92586	81.77945	8919583.027101537
21.87961	83.10627	8991711.989257576
21.83354	83.41767	9064285.772916079
21.78767	84.6191	9137272.62164543
21.742	85.79917	9210671.748651594
21.69651	86.9352	9284514.929368185
21.65122	87.90515	9358769.269391056
21.60611	88.34578	9433467.072637256
21.56119	88.0992	9508591.478702368
21.51646	88.07766	9584141.8794876
21.47191	88.94269	9660134.746559318
21.42755	91.26729	9736552.542806381
21.38337	91.98014	9813411.956355516
21.33937	92.26103	9890712.644069234
21.29555	92.06967	9968454.204660138
21.25191	92.33887	10046636.1778458
21.20845	93.09212	10125258.043503098
21.16517	94.69424	10204319.220822098
21.12206	96.21034	10283837.602461314
21.07913	96.30701	10363794.30887106
21.03637	97.56337	10444207.472696597
20.99379	98.75114	10525057.734930562
20.95138	99.95252	10606363.470281327
20.90914	99.99974	10688124.280721817
20.86707	99.99974	10770339.709819345
20.82517	99.23589	10853009.241913198
20.78343	97.13002	10936152.315629976
20.74187	94.3949	11019728.456858428
20.70047	91.48403	11103777.189983595
20.65923	87.82593	11188298.336188028
20.61816	84.71468	11273270.874251276
20.57725	82.78543	11358714.908757938
20.5365	82.81319	11444630.089770058
20.49592	84.49597	11530994.627527623
20.45549	87.16091	11617850.620900877
20.41522	89.98364	11705176.36316257
20.37511	92.21425	11792971.270817
20.33516	93.2735	11881234.699981749
20.29537	92.91757	11969965.94558835
20.25573	91.29702	12059186.85288481
20.21625	88.79528	12148874.399984283
20.17691	86.0219	12239073.766238527
20.13773	82.89675	12329738.782630181
20.09871	80.28254	12420868.439536132
20.05983	81.17479	12512509.018186241
20.02111	81.39879	12604612.890402995
19.98253	82.11715	12697227.086449506
19.9441	84.05292	12790327.32579362
19.90582	84.41633	12883912.946361711
19.86769	83.74089	12977983.225333344
19.8297	83.3577	13072562.387185596
19.79186	84.78972	13167625.030883398
19.75416	86.67586	13263195.716333851
19.7166	88.36598	13359274.16598022
19.67919	90.13201	13455834.119716784
19.64192	92.67315	13552900.649303162
19.60479	94.35662	13650473.304997165
19.5678	95.94063	13748551.579790773
19.53095	96.47308	13847134.908661973
19.49423	95.89096	13946249.780237047
19.45766	95.52757	14045841.528306985
19.42122	95.16807	14145963.87941326
19.38492	95.13293	14246588.921543937
19.34876	94.79992	14347715.793351823
19.31273	95.08893	14449371.909809254
19.27683	95.40829	14551557.03479921
19.24106	94.26577	14654270.878405645
19.20543	92.74268	14757484.001001261
19.16993	92.49981	14861224.586968038
19.13456	92.66258	14965492.175441466
19.09933	93.25598	15070256.381912889
19.06421	94.0841	15175606.23226195
19.02923	94.77665	15281451.492528163
18.99438	94.82157	15387821.337696664
18.95966	94.0806	15494715.01622347
18.92506	93.08067	15602162.904696647
18.89059	91.91057	15710133.481015062
18.85624	90.85622	15818657.545417363
18.82202	89.79741	15927702.923013665
18.78792	88.60142	16037300.842079692
18.75395	87.94124	16147418.464881087
18.7201	87.80887	16258087.45214036
18.68637	88.16301	16369307.407294203
18.65276	88.94358	16481077.878678985
18.61927	90.01183	16593398.358838463
18.5859	92.44122	16706268.283831194
18.55265	93.5388	16819687.032537494
18.51952	94.84022	16933653.925966658
18.48651	96.07632	17048168.22656391
18.45362	96.71502	17163229.137517784
18.42084	96.60294	17278871.22835626
18.38818	95.72188	17395058.750433266
18.35563	94.20918	17511826.75408784
18.3232	92.3315	17629138.783626646
18.29089	90.73399	17746993.746946942
18.25868	89.16555	17865464.355683714
18.2266	88.1345	17984439.511128
18.19462	87.75149	18104029.663163602
18.16275	87.98283	18224197.4735055
18.131	88.51636	18344904.30826167
18.09936	89.17042	18466187.197548483
18.06783	90.11667	18588045.565490965
18.03641	90.97119	18710478.779821213
18.00509	91.69696	18833525.599101484
17.97389	92.32007	18957106.703827295
17.94279	92.90905	19081300.511807565
17.9118	93.53227	19206066.71677073
17.88092	94.22771	19331404.400636025
17.85014	95.00264	19457353.67018798
17.81947	95.2457	19583873.067978244
17.78891	95.0832	19710961.49898317
17.75845	94.38038	19838659.89830283
17.72809	93.3926	19966968.065291405
17.69784	92.02528	20095842.97362409
17.66769	90.39884	20225326.40602021
17.63764	88.68869	20355418.00031419
17.6077	88.59488	20486073.527715564
17.57785	87.36936	20617379.796152517
17.54811	86.67243	20749248.300407957
17.51847	87.04961	20881722.269868884
17.48893	87.60467	21014801.06475933
17.45948	88.63473	21148529.577793863
17.43014	89.99301	21282816.240620784
17.40089	91.45106	21417751.786449898
17.37175	92.47279	21553243.085246444
17.3427	92.61166	21689382.208643116
17.31374	93.01111	21826169.281944524
17.28489	93.56013	21963508.801319387
17.25613	94.06697	22101494.881368775
17.22746	93.48089	22240127.49266251
17.1989	92.74186	22379308.711583022
17.17042	91.98329	22519184.035209075
17.14204	91.32856	22659655.048554182
17.11375	90.87603	22800770.434953466
17.08556	90.68584	22942479.440301888
17.05746	90.77365	23084831.405090556
17.02945	91.11305	23227825.929181967
17.00153	91.64422	23371462.560091853
16.9737	92.27963	23515740.792392
16.94597	92.93004	23660607.624652006
16.91832	93.51756	23806166.925828233
16.89077	93.99793	23952312.735679273
16.86331	94.36847	24099096.76633192
16.83593	94.65793	24246572.299252305
16.80864	94.90528	24394685.248527784
16.78145	95.13795	24543379.82643828
16.75433	95.35846	24692819.767307755
16.72731	95.54364	24842839.377489317
16.70038	95.65791	24993492.484188475
16.67353	95.6762	25144834.53843227
16.64676	95.60607	25296865.633756973
16.62009	95.49537	25449470.947921917
16.59349	95.41906	25602821.490845695
16.56699	95.45086	25756743.601002686
16.54056	95.14642	25911410.770654004
16.51422	94.56268	26066705.798477434
16.48797	94.00981	26222627.15311032
16.4618	93.58122	26379233.303351413
16.43571	93.35458	26536523.929736443
16.4097	93.36726	26694498.662491523
16.38378	93.60627	26853095.667344913
16.35794	94.01602	27012374.97609234
16.33218	94.51694	27172336.056823485
16.3065	95.02617	27332978.325057577
16.2809	95.40855	27494301.143182017
16.25538	95.29397	27656303.819891106
16.22994	95.43498	27818985.609624755
16.20458	95.82551	27982345.71200718
16.1793	96.45833	28146383.271285944
16.1541	97.16596	28311097.375771258
16.12898	97.7443	28476487.05727573
16.10393	98.36032	28642617.851112228
16.07896	98.88502	28809423.081467394
16.05408	99.18001	28976834.084238105
16.02926	99.133	29145052.26061912
16.00452	98.36503	29313942.278740685
15.97987	96.93258	29483433.828663826
15.95528	95.34174	29653732.567889813
15.93077	93.87314	29824700.05577805
15.90634	92.77594	29996334.814499088
15.88198	92.20835	30168706.317372695
15.85769	92.20361	30341814.487210434
15.83348	92.67262	30515587.166961618
15.80935	93.44001	30690022.643315405
15.78528	94.29843	30865265.266926043
15.7613	94.95344	31041095.561444696
15.73738	95.23	31217732.387164634
15.71353	95.34044	31395102.298378646
15.68976	95.31967	31573129.703474727
15.66606	95.24546	31751888.218999054
15.64243	95.20776	31931377.30412588
15.61887	95.28287	32111596.366770193
15.59539	95.52007	32292467.460756797
15.57197	95.9406	32474143.95171125
15.54862	96.54338	32656548.328221492
15.52535	97.30885	32839600.84861923
15.50214	98.19411	33023457.983710367
15.479	99.05416	33208040.43223499
15.45593	99.78733	33393347.228660613
15.43293	99.77339	33579377.352018856
15.41	99.73395	33766129.72538459
15.38714	99.71409	33953603.21535582
15.36434	98.71278	34141879.49387398
15.34162	97.27326	34330792.16056375
15.31895	95.76762	34520590.222768605
15.29636	94.50687	34711022.02043619
15.27383	93.7288	34902254.74390792
15.25137	93.54729	35094202.91757379
15.22898	93.93166	35286865.015972435
15.20665	94.71391	35480326.38611853
15.18438	95.63788	35674587.16203548
15.16218	96.45152	35869559.31043838
15.14005	96.9975	36065241.07822525
15.11798	97.24464	36261719.976852134
15.09597	97.25034	36458995.94596221
15.07403	97.0974	36656978.33688251
15.05215	96.85434	36855756.316566356
15.03034	96.57738	37055237.90680724
15.00859	96.32607	37255513.388310045
14.9869	96.14778	37456582.45150309
14.96527	96.06358	37658444.73942828
14.94371	96.06124	37861005.5802903
14.9222	96.16942	38064452.42277308
14.90076	96.43334	38268595.592557065
14.87939	96.71948	38473432.6231921
14.85807	96.86374	38679154.606448434
14.83681	96.71003	38885665.34718799
14.81562	96.13433	39092866.02648863
14.79448	95.07898	39300951.44318065
14.77341	93.60746	39509723.91058951
14.75239	91.95975	39719380.729376934
14.73144	90.55258	39929721.48893772
14.71054	89.88431	40140946.01636164
14.68971	90.28347	40352851.148657225
14.66893	91.7798	40565639.26399338
14.64821	94.06548	40779207.82983064
14.62755	96.61149	40993555.65563223
14.60695	98.84633	41208681.49530757
14.5864	99.99968	41424689.50300276
14.56592	99.99969	41641368.09577202
14.54549	99.99969	41858927.465780124
14.52512	99.24393	42077260.69374146
14.5048	97.78253	42296474.489269644
14.48454	96.34073	42516460.44671792
14.46434	95.18059	42737216.93795181
14.4442	94.37043	42958742.27550564
14.42411	93.98745	43181145.77233551
14.40407	93.94511	43404427.76915319
14.3841	94.0966	43628363.5738889
14.36417	94.28699	43853288.76666083
14.3443	94.40071	44078977.833646424
14.32449	94.39126	44305428.751857
14.30473	94.28575	44532754.84657157
14.28503	94.16658	44760840.03270751
14.26538	94.13809	44989798.99763324
14.24579	94.28764	45219514.07458479
14.22624	94.65114	45450219.708065614
14.20676	95.01289	45681560.61999284
14.18732	95.45522	45913891.78405409
14.16794	95.94701	46146973.94940971
14.14861	96.40152	46380925.976100236
14.12933	96.76169	46615747.54425372
14.11011	96.77446	46851315.33866989
14.09094	96.54544	47087750.34903453
14.07182	96.32749	47325052.10576182
14.05275	96.24901	47563220.09227186
14.03374	96.39004	47802127.67670173
14.01477	96.76116	48042025.59373143
13.99586	97.30036	48282660.2511167
13.977	97.88688	48524156.99637645
13.95819	98.25524	48766515.0599961
13.93943	98.29938	49009733.62285061
13.92072	98.30993	49253811.81577216
13.90205	98.22105	49498880.38874265
13.88344	97.71644	49744675.84745168
13.86488	97.2118	49991328.02797999
13.84637	96.84167	50238835.85667125
13.82791	96.65882	50487198.207667805
13.8095	96.62374	50736413.90248006
13.79113	96.62791	50986618.33014977
13.77282	96.5359	51237537.80298856
13.75455	96.23524	51489445.069922835
13.73633	95.67892	51742202.12861249
13.71816	94.90443	51995807.54254195
13.70004	94.02138	52250259.81999942
13.68197	93.17272	52505557.413650356
13.66394	92.48485	52761841.294741854
13.64596	92.02778	53018968.96131933
13.62803	91.80229	53276938.708234265
13.61015	91.75736	53535748.773021
13.59231	91.82694	53795543.39985533
13.57452	91.96646	54056176.41048188
13.55677	92.17195	54317793.71332865
13.53908	92.474	54580098.54683091
13.52142	92.91253	54843535.05241375
13.50382	93.50616	55107654.9646201
13.48626	94.23024	55372756.276368126
13.46874	94.70736	55638839.49523541
13.45127	95.09149	55905751.85292804
13.43385	95.43117	56173491.03732246
13.41647	95.66065	56442209.748185046
13.39914	95.75922	56711752.32167071
13.38185	95.75968	56982273.195443965
13.3646	95.73448	57253772.614195764
13.3474	95.76545	57526091.989919454
13.33025	95.90971	57799228.66786472
13.31313	96.14968	58073501.285942174
13.29607	96.48426	58348427.86917736
13.27904	96.86441	58624490.47526041
13.26206	97.13309	58901364.86752505
13.24512	97.27471	59179212.60026109
13.22823	97.27909	59457868.09240261
13.21138	97.17191	59737494.712682
13.19457	96.96797	60018092.24909542
13.17781	96.50608	60299492.05736088
13.16108	96.0386	60582029.63610689
13.1444	95.63148	60865366.87306084
13.12776	95.32435	61149671.760390446
13.11117	95.12967	61434771.50719737
13.09461	95.04709	61721009.32479551
13.0781	95.07572	62008038.97433663
13.06163	95.21973	62296032.21553874
13.0452	95.48497	62584988.41332623
13.02881	95.86886	62874906.88669153
13.01246	96.34887	63165786.9083146
12.99616	96.87648	63457448.2564246
12.97989	97.38206	63750247.97325847
12.96366	97.7906	64044006.77017008
12.94748	97.89292	64338541.173453756
12.93134	97.87734	64634030.68483676
12.91523	97.8048	64930658.92972896
12.89917	97.71102	65228056.58210791
12.88315	97.57857	65526406.11930949
12.86716	97.39109	65825894.19582095
12.85122	97.31376	66126144.99574475
12.83531	97.34597	66427533.98010795
12.81945	97.23099	66729680.95850471
12.80362	97.09794	67032965.58126554
12.78783	96.94705	67337196.46229413
12.77208	96.77469	67642372.13404572
12.75637	96.57123	67948491.07661077
12.7407	96.32506	68255551.71734048
12.72507	96.03143	68563552.4304736
12.70948	95.70174	68872491.53676395
12.69392	95.36764	69182567.13830711
12.6784	95.07704	69493579.85126336
12.66292	94.88225	69805527.84747222
12.64748	94.82455	70118409.24380754
12.63207	94.92112	70432426.4441338
12.61671	95.11227	70747169.90772241
12.60138	95.27624	71063047.41701102
12.58608	95.58528	71380060.3094156
12.57083	95.9534	71697792.04265244
12.55561	96.28629	72016657.11770618
12.54043	96.49899	72336445.51138988
12.52528	96.52995	72657367.3290671
12.51017	96.34984	72979210.13459527
12.4951	95.96431	73301971.51645173
12.48006	95.4102	73625864.95036091
12.46506	94.74692	73950674.33388512
12.4501	94.04525	74276397.09130062
12.43517	93.37725	74603250.1093494
12.42028	92.80699	74931013.57221217
12.40542	92.38444	75259906.66842271
12.3906	92.14139	75589707.08501087
12.37581	92.09064	75920636.33098672
12.36106	92.22901	76252469.5747291
12.34635	92.543	76585203.85408953
12.33167	93.01431	76919064.18592258
12.31702	93.62222	77254051.19260916
12.30241	94.34195	77589934.94145922
12.28783	95.1398	77926944.01448882
12.27329	95.96852	78264845.89571472
12.25878	96.76642	78603871.56266607
12.24431	97.46309	78943785.89447756
12.22987	97.99179	79284822.28301728
12.21547	98.30458	79626742.98093617
12.2011	98.38423	79969783.8132872
12.18676	98.2481	80313945.02744515
12.17245	97.94355	80659226.83477174
12.15818	97.53761	81005386.18396743
12.14395	97.10541	81352419.31597099
12.12974	96.72031	81700814.06001209
12.11557	96.44641	82050080.09958138
12.10144	96.33272	82400213.49996392
12.08733	96.40758	82751709.80085753
12.07326	96.6733	83104070.6836638
12.05922	97.10162	83457544.46238849
12.04522	97.3878	83811877.19603164
12.03124	97.68696	84167574.85331723
12.0173	97.97349	84524128.29887475
12.00339	98.19948	84881790.98324423
11.98952	98.32567	85240303.39320274
11.97567	98.33508	85600182.09159145
11.96186	98.23039	85960906.95051816
11.94808	98.03363	86322736.636995
11.93433	97.68712	86685670.61653756
11.92061	97.29828	87049708.3127481
11.90692	97.02844	87414849.10699578
11.89327	96.89165	87780823.52643038
11.87965	96.868	88147896.87719895
11.86605	96.91279	88516340.01291403
11.85249	96.98219	88885610.30196951
11.83896	97.14212	89255977.10477397
11.82546	97.31476	89627439.52568372
11.812	97.56828	89999719.32735586
11.79856	97.9397	90373368.68532766
11.78515	98.44828	90748110.70063622
11.77177	99.0803	91123944.29777324
11.75843	99.67105	91500585.2897222
11.74511	99.9998	91878597.18412377
11.73182	99.9998	92257697.1523499
11.71857	99.9998	92637596.48281725
11.70534	99.9998	93018867.29683638
11.69214	99.9998	93401222.25626034
11.67898	99.7607	93784368.07122119
11.66584	99.3135	94168885.5755752
11.65273	98.84501	94554482.8679713
11.63965	98.42001	94941158.40105504
11.62661	98.09024	95328612.69654544
11.61359	97.65261	95717438.35984974
11.60059	97.32479	96107638.23526335
11.58763	97.11733	96498610.27453232
11.5747	96.96875	96890652.07771893
11.5618	96.81429	97283761.79928738
11.54892	96.61041	97678244.58988917
11.53608	96.35014	98073485.95532383
11.52326	96.06701	98470099.55043745
11.51047	95.82485	98867776.29477409
11.49771	95.697	99266514.10283186
11.48497	95.74189	99666625.68244606
11.47227	95.98284	100067480.7286329
11.45959	96.39901	100469708.27873597
11.44694	96.93016	100872991.20753196
11.43432	97.3634	101277327.18191116
11.42173	97.58826	101682713.81491429
11.40917	97.80185	102089148.66543113
11.39663	97.97379	102496955.24940288
11.38412	98.08532	102905808.24206181
11.37164	98.13169	103315705.055112
11.35918	98.12099	103726973.93231449
11.34675	98.07047	104139284.56077904
11.33435	97.83646	104552634.20232598
11.32198	97.65424	104967020.06251691
11.30963	97.56571	105382776.76360743
11.29731	97.5797	105799567.24658458
11.28502	97.68033	106217388.56354816
11.27275	97.71265	106636580.18598704
11.26051	97.62292	107056799.93295878
11.2483	97.49563	107478044.70043546
11.23611	97.33375	107900658.86188765
11.22395	97.1531	108324295.05642742
11.21182	96.97874	108748950.0212495
11.19971	96.83727	109174973.08463028
11.18763	96.74774	109602011.64766815
11.17557	96.71441	110030418.37786731
11.16354	96.72385	110459837.15773681
11.15154	96.74825	110890264.45969243
11.13956	96.75413	111322057.9956731
11.12761	96.7141	111754856.3118735
11.11568	96.61772	112189020.51929812
11.10378	96.47743	112624185.57997483
11.09191	96.32678	113060347.69429722
11.08005	96.21086	113498243.21600966
11.06823	96.17183	113936763.2353668
11.05643	96.1592	114376645.79241082
11.04466	96.1829	114817516.76310672
11.03291	96.22619	115259749.3368964
11.02118	96.25931	115703344.78848141
11.00948	96.26391	116147923.4776061
10.99781	96.23616	116593481.16817926
10.98616	96.18306	117040398.09242058
10.97453	96.11568	117488675.3796537
10.96293	96.04399	117937925.92707379
10.95135	95.97562	118388535.3238889
10.9398	95.91739	118840112.69482422
10.92827	95.87665	119293047.22539589
10.91677	95.86039	119746944.24090083
10.90529	95.87133	120202196.54791193
10.89384	95.87964	120658405.64533901
10.8824	95.83159	121116369.24666724
10.871	95.78724	121574884.36567076
10.85961	95.72804	122035155.55417347
10.84825	95.64388	122496375.33326149
10.83692	95.50405	122958538.67663053
10.82561	95.18959	123422051.27429911
10.81432	94.84563	123886913.7341341
10.80305	94.53394	124353126.63415097
10.79181	94.31609	124820273.93989891
10.78059	94.23643	125288768.85839108
10.7694	94.3099	125758191.37534817
10.75823	94.51845	126228958.48510589
10.74708	94.81666	126701070.56846382
10.73595	95.14418	127174527.97481336
10.72485	95.44059	127648902.66606076
10.71377	95.65874	128124619.309562
10.70272	95.77306	128601245.80290195
10.69168	95.78188	129079645.01198514
10.68067	95.70412	129558950.42134564
10.66968	95.57178	130039594.47617072
10.65872	95.42033	130521136.87937823
10.64777	95.27907	131004456.39701118
10.63685	95.16364	131488670.24789667
10.62595	95.07251	131974218.76183632
10.61508	94.9887	132460653.33182675
10.60422	94.88703	132948868.84206948
10.59339	94.74502	133437966.01930444
10.58258	94.55457	133928393.18491185
10.5718	94.33015	134419693.30661783
10.56103	94.10963	134912777.6050565
10.55029	93.94602	135406730.088311
10.53956	93.89138	135902470.23928228
10.52886	93.97762	136399073.6299763
10.51819	94.18574	136896533.50207618
10.50753	94.2876	137395781.81544656
10.49689	94.42808	137896352.88490486
10.48628	94.55219	138397772.49587953
10.47569	94.61385	138900509.43358785
10.46512	94.59068	139404563.04562172
10.45457	94.48985	139909932.64155436
10.44404	94.34315	140416617.49269447
10.43353	94.01753	140924616.83184063
10.42305	93.57672	141433443.2418785
10.41258	93.22521	141944066.91506058
10.40214	93.0045	142455511.54685378
10.39171	92.92473	142968755.98698676
10.38131	92.96926	143482815.0854627
10.37093	93.10479	143998178.803103
10.36057	93.29206	144514846.0737141
10.35023	93.49366	145032815.79061267
10.33991	93.6779	145552086.80638352
10.32961	93.82036	146072657.93263498
10.31933	93.90509	146594527.9397562
10.30908	93.92695	147117184.5177893
10.29884	93.89369	147641646.16613245
10.28862	93.82574	148167402.74923843
10.27843	93.75171	148693935.01418042
10.26825	93.70033	149222274.94544777
10.25809	93.69102	149751905.48564595
10.24796	93.72714	150282300.36897054
10.23784	93.79438	150814505.19827214
10.22774	93.86579	151347995.92442933
10.21767	93.91187	151882239.19880375
10.20761	93.91206	152418294.37600625
10.19757	93.8627	152955630.34525672
10.18756	93.77858	153493706.6050979
10.17756	93.68769	154033596.39539593
10.16758	93.62208	154574761.4737457
10.15762	93.60874	155117199.91817912
10.14768	93.66404	155660909.76142356
10.13776	93.7929	156205888.9906659
10.12786	93.99184	156752135.54731736
10.11798	94.25342	157299647.32677698
10.10812	94.56899	157848422.1781985
10.09828	94.92859	158398457.90425554
10.08845	95.24129	158950314.87469754
10.07865	95.36431	159502868.0024347
10.06887	95.49532	160056675.13916028
10.0591	95.62952	160612303.8326257
10.04935	95.75638	161169186.6270001
10.03962	95.86357	161727321.06383243
10.02991	95.94069	162286704.6365625
10.02022	95.98107	162847334.79029164
10.01055	95.98144	163409208.9215543
10.0009	95.94087	163972324.37809113
9.99127	95.86055	164536678.4586212
9.98164	95.74531	165103448.01568976
9.97205	95.60602	165670276.07711485
9.96247	95.42004	166238929.2243508
9.95291	95.2443	166808814.7775333
9.94336	95.11942	167380529.73608765
9.93384	95.05916	167952873.81902823
9.92434	95.07457	168526441.38252842
9.91485	95.17067	169101836.94886556
9.90538	95.34392	169678454.93419287
9.89592	95.58146	170256904.941536
9.88649	95.86209	170835960.82731333
9.87708	96.15862	171416229.5086577
9.86768	96.35547	171998328.2293193
9.8583	96.4863	172581638.29385713
9.84894	96.57554	173166156.30637762
9.83959	96.61587	173752507.24807993
9.83027	96.6006	174339433.39633965
9.82095	96.52764	174928824.43134373
9.81167	96.40337	175518147.18080947
9.80239	96.24365	176109938.20234892
9.79314	96.04205	176702284.678128
9.78389	95.81349	177297108.02241364
9.77467	95.63477	177892479.3194502
9.76547	95.51596	178489036.44969833
9.75629	95.4551	179086775.52640787
9.74712	95.44293	179686347.80599746
9.73796	95.46859	180287757.45773935
9.72883	95.48815	180889687.33613673
9.71971	95.51799	181493451.9496131
9.71061	95.59941	182098389.25749797
9.70152	95.736	182705163.98363551
9.69246	95.81502	183312436.8655915
9.68341	95.8174	183921544.19280118
9.67438	95.75529	184531812.74766108
9.66536	95.63065	185143918.15757754
9.65636	95.46563	185757181.57847765
9.64738	95.29828	186371598.54198518
9.63841	95.17089	186987852.94740173
9.62947	95.11539	187604566.1823219
9.62053	95.14185	188223807.37504733
9.61161	95.23538	188844195.02458295
9.60272	95.3628	189465024.64665762
9.59384	95.48671	190087688.15750292
9.58496	95.58062	190712894.79518187
9.57611	95.6389	191338531.8073336
9.56728	95.67705	191965296.89814997
9.55847	95.72225	192593185.0837813
9.54966	95.79861	193223625.41322502
9.54087	95.9139	193855190.32350075
9.53211	96.05407	194487151.81877506
9.52336	96.19836	195120947.55039337
9.51461	96.2422	195757309.79922748
9.50589	96.22577	196394055.87720737
9.49719	96.15736	197031906.25121608
9.4885	96.06749	197671593.12256745
9.47983	95.99901	198312379.36966553
9.47117	95.99216	198955003.04420054
9.46253	96.06991	199598721.01011315
9.4539	96.16973	200244277.20499495
9.4453	96.24942	200890169.898905
9.4367	96.3458	201538651.01847285
9.42812	96.42277	202188215.7546053
9.41956	96.44881	202838858.30466425
9.41101	96.40477	203491337.45768976
9.40247	96.28734	204145656.43533266
9.39396	96.10877	204800276.91073635
9.38546	95.89403	205456731.34253183
9.37698	95.67626	206114245.94986993
9.36851	95.49095	206773594.59031838
9.36004	95.36992	207435563.4391225
9.35161	95.33569	208097020.08251306
9.34318	95.39778	208761096.83238697
9.33478	95.37008	209425428.7414195
9.32637	95.41166	210093182.28732175
9.318	95.537	210760385.71464035
9.30963	95.73215	211430221.08334452
9.30129	95.97033	212100285.70432067
9.29295	96.21499	212772988.0168632
9.28463	96.42627	213446717.66069224
9.27633	96.5696	214121467.91919446
9.26804	96.62377	214798049.74931428
9.25976	96.5857	215476465.9110923
9.2515	96.47022	216155894.98978606
9.24325	96.30501	216837157.43246493
9.23503	96.06306	217518594.69479582
9.22681	95.8154	218202691.57702196
9.2186	95.65147	218888623.3298655
9.21042	95.58564	219574711.8304111
9.20225	95.60788	220262627.34530047
9.19409	95.63679	220952372.4057429
9.18594	95.64731	221643949.53015456
9.17781	95.68434	222336507.71676576
9.1697	95.74314	223030039.5312887
9.1616	95.81687	223725397.59544834
9.15351	95.89514	224422584.30794305
9.14544	95.96511	225120735.26448822
9.13739	96.01506	225819842.80032536
9.12934	96.03901	226521646.14363158
9.12132	96.03965	227223527.1218102
9.11329	96.02756	227928988.66599262
9.1053	96.01633	228633635.27431944
9.09731	96.01577	229340986.6550555
9.08934	96.0266	230049274.3752889
9.08137	96.03973	230760277.97959363
9.07343	96.0411	231471318.16757774
9.0655	96.02007	232184177.8054441
9.05759	95.97718	232897954.85369352
9.04968	95.92739	233614456.08897752
9.04179	95.89634	234331871.87555945
9.03391	95.90926	235051108.28147563
9.02605	95.9574	235771249.31201306
9.0182	96.04085	236493207.87913898
9.01036	96.12131	237216985.8731073
9.00255	96.1614	237940728.2803692
8.99474	96.1358	238667211.72852257
8.98695	96.05095	239394577.6047881
8.97916	95.94959	240124695.1234471
8.97139	95.89256	240855691.53042582
8.96364	95.93497	241587557.9037017
8.9559	96.10359	242321234.9338536
8.94817	96.38541	243056724.27002174
8.94046	96.73249	243793070.69420233
8.93276	97.08074	244531225.4742834
8.92507	97.37474	245271190.1702886
8.91739	97.58757	246012966.32356143
8.90973	97.72771	246755584.16593865
8.90209	97.83074	247499034.29489216
8.89445	97.94039	248245264.35637924
8.88684	98.0876	248991340.05725354
8.87922	98.27654	249741184.3456265
8.87163	98.45873	250490862.37152368
8.86405	98.5785	251242339.8761866
8.85648	98.66493	251995618.1427927
8.84892	98.69466	252750698.43430278
8.84137	98.66303	253507581.99331725
8.83384	98.58327	254265261.9612
8.82633	98.479	255023728.3342833
8.81882	98.374	255785002.1338279
8.81133	98.28408	256547057.09898582
8.80385	98.21427	257310906.11008474
8.79638	98.16171	258076550.2152823
8.78892	98.12191	258843990.44120342
8.78148	98.09436	259612193.3611732
8.77405	98.08468	260382186.77429852
8.76664	98.1018	261152929.55869707
8.75924	98.15197	261925457.01591635
8.75184	98.23231	262700819.69955236
8.74446	98.32933	263476922.8684794
8.7371	98.42059	264253755.78681597
8.72974	98.40277	265033430.18427742
8.7224	98.29894	265813828.11100796
8.71507	98.19768	266596007.67536142
8.70775	98.12718	267379969.5526419
8.70045	98.1151	268164637.55059662
8.69315	98.18006	268952162.0639599
8.68587	98.26249	269740386.06971085
8.6786	98.29302	270530386.957565
8.67135	98.36025	271321072.6712396
8.6641	98.44516	272114624.9011561
8.65687	98.52694	272908854.9844543
8.64965	98.59152	273704855.91229135
8.64244	98.63629	274502628.07322115
8.63525	98.66953	275301059.35318387
8.62806	98.70508	276102371.0312309
8.62089	98.75509	276904334.4329622
8.61373	98.82411	277708062.2890089
8.60659	98.90701	278512426.24321955
8.59944	98.99131	279320812.24774086
8.59232	99.06276	280128698.0216955
8.58521	99.08176	280938340.852603
8.57811	99.06985	281749740.82901084
8.57101	99.07972	282564046.9726154
8.56394	99.10748	283377812.44027644
8.55687	99.1108	284194484.1195356
8.54982	99.09619	285011751.721034
8.54278	99.0825	285830768.2321716
8.53574	99.0691	286652703.1426364
8.52873	99.05684	287474047.5275674
8.52172	99.04937	288298310.01536804
8.51473	99.05221	289123138.71409273
8.50773	99.06904	289952079.7227817
8.50076	99.09804	290780395.97271276
8.4938	99.1301	291610451.3724234
8.48685	99.1473	292442245.5851594
8.47991	99.03358	293275778.2457139
8.47298	98.89027	294111048.96027845
8.46607	98.73866	294946845.6289516
8.45916	98.6066	295785586.8846924
8.45226	98.51855	296626064.8282413
8.44538	98.4854	297467054.4329797
8.43851	98.4981	298309771.0724698
8.43165	98.52859	299154214.1431398
8.42481	98.53849	299999145.56924456
8.41796	98.49266	300848277.01517314
8.41114	98.37271	301696649.33840936
8.40432	98.18512	302547987.14496857
8.39752	97.96036	303399793.0632514
8.39072	97.74318	304254571.612219
8.38394	97.57772	305109807.89647895
8.37717	97.49315	305966755.8775464
8.37041	97.49499	306825414.64431816
8.36365	97.56529	307687060.0899676
8.35691	97.67071	308549142.00290495
8.35019	97.77512	309411646.08128285
8.34347	97.85154	310277138.2567437
8.33677	97.88914	311143041.5655634
8.33006	97.89297	312013238.79279846
8.32338	97.87798	312882541.3242969
8.31671	97.86042	313753537.22458905
8.31004	97.85081	314627537.8638361
8.30339	97.85092	315501921.2958481
8.29674	97.85653	316379315.97590685
8.29011	97.8618	317257081.80319005
8.28349	97.86431	318136534.54319775
8.27688	97.86716	319017672.80173576
8.27028	97.87721	319900495.15149415
8.26369	97.86239	320785000.1319025
8.25711	97.81628	321671186.24898535
8.25054	97.75001	322559051.9752163
8.24398	97.66346	323448595.7493752
8.23744	97.55841	324338453.01904035
8.2309	97.43847	325231343.4226831
8.22437	97.30842	326125906.9753084
8.21785	97.1736	327022141.979473
8.21135	97.03922	327918665.0943191
8.20485	96.91037	328818233.077568
8.19837	96.79225	329718076.2001659
8.19189	96.65694	330620969.91122603
8.18542	96.60461	331525526.0441764
8.17897	96.56147	332430337.512632
8.17253	96.54329	333336798.05861664
8.16609	96.55647	334246320.35192174
8.15966	96.59475	335157497.2072786
8.15325	96.64684	336068902.33266026
8.14685	96.69864	336981948.298197
8.14045	96.73682	337898066.787333
8.13406	96.75221	338815831.40758795
8.12769	96.74193	339733796.4728609
8.12133	96.70934	340653393.56538033
8.11497	96.66204	341576073.5661351
8.10862	96.60874	342500390.6870157
8.10229	96.55658	343424879.6595706
8.09597	96.50972	344350991.2620336
8.08965	96.46995	345280195.7566853
8.08334	96.43864	346211027.77152926
8.07705	96.41883	347142002.26770145
8.07076	96.41619	348076076.8853779
8.06449	96.43819	349010279.00517017
8.05822	96.49147	349947585.9296587
8.05196	96.57869	350886507.5386526
8.04572	96.69625	351825533.8122521
8.03948	96.83399	352767671.727475
8.03326	96.9775	353709898.8325432
8.02704	97.11203	354655241.99730104
8.02083	97.2269	355602186.0599651
8.01463	97.18219	356550728.15226656
8.00844	97.13398	357500865.3670945
8.00226	97.12034	358452594.75836515
7.99609	97.1539	359405913.34088916
7.98993	97.23343	360360818.0902413
7.98378	97.34326	361317305.94263107
7.97764	97.45774	362275373.79477197
7.97151	97.54906	363235018.5037517
7.96539	97.59531	364196236.8869057
7.95927	97.58595	365160604.0600193
7.95317	97.52328	366124965.2420129
7.94707	97.41958	367092478.9964945
7.94099	97.29234	368059969.8124137
7.93491	97.15947	369030616.86832374
7.92884	97.03673	370002828.1002252
7.92279	96.93725	370974990.5841157
7.91674	96.87205	371950314.6012581
7.9107	96.85001	372927192.3701699
7.90468	96.87631	373903995.11105585
7.89865	96.94974	374885594.91076154
7.89264	97.06106	375867112.45310163
7.88664	97.19369	376850169.28828764
7.88065	97.3278	377834761.6980307
7.87466	97.4464	378822537.6236799
7.86869	97.54042	379810195.1883054
7.86272	97.61026	380801039.31006515
7.85677	97.6627	381791746.7004833
7.85082	97.70444	382785643.56680626
7.84488	97.73572	383781063.5966155
7.83895	97.74758	384778002.8115774
7.83303	97.72432	385776457.1908073
7.82712	97.65047	386776422.6707523
7.82121	97.51902	387779595.27621853
7.81532	97.33666	388782576.0347553
7.80944	97.12318	389787055.4575278
7.80356	96.90469	390794745.80083597
7.79769	96.70362	391803937.24989045
7.79183	96.53014	392814625.5166986
7.78599	96.37891	393825073.29662275
7.78015	96.23271	394838736.6442318
7.77431	96.0711	395855627.69010204
7.76849	95.87995	396872259.4757286
7.76267	95.65733	397892121.10048133
7.75687	95.4131	398911703.3422008
7.75107	95.16273	399934517.4327168
7.74528	94.91906	400958803.6499902
7.7395	94.68665	401984557.3440147
7.73373	94.46155	403011773.8201998
7.72797	94.23621	404040448.3392652
7.72221	94.0064	405072370.469831
7.71647	93.77577	406103952.3276767
7.71073	93.55526	407138783.42663175
7.705	93.35701	408175064.5285248
7.69928	93.18647	409212790.70259166
7.69357	93.03661	410251956.97267765
7.68787	92.88807	411292558.3171369
7.68217	92.71586	412336423.8772115
7.67649	92.5002	413379885.8614036
7.67081	92.23648	414426613.29872954
7.66514	91.9396	415474766.8094881
7.65948	91.6402	416524341.1763859
7.65383	91.37424	417575331.13596
7.64818	91.16981	418629600.24539906
7.64254	91.03693	419685285.92264485
7.63692	90.96363	420740502.2690836
7.6313	90.92001	421798999.07959574
7.62568	90.86806	422860788.43515766
7.62008	90.77371	423922086.2239824
7.61449	90.61675	424984773.26688355
7.6089	90.39539	426050753.85029566
7.60332	90.12476	427118124.25061023
7.59775	89.83036	428186878.8031097
7.59219	89.53927	429257011.7957008
7.58664	89.27225	430328517.46882504
7.58109	89.03889	431403329.59444696
7.57555	88.83657	432479514.6867905
7.57002	88.65286	433557066.87620574
7.5645	88.46982	434635980.2451293
7.55899	88.26893	435716248.8280012
7.55348	88.03579	436799836.2078731
7.54798	87.76389	437884778.8054313
7.5425	87.45695	438969088.8454779
7.53702	87.12936	440056717.53086114
7.53154	86.80392	441147676.8879293
7.52607	86.50673	442239979.03966856
7.52062	86.26161	443331611.69416016
7.51517	86.085	444426574.54770625
7.50973	85.984	445522861.32125765
7.50429	85.9577	446622490.0787518
7.49887	86.00026	447721411.6395515
7.49345	86.10308	448823674.6058714
7.48804	86.25427	449927248.026811
7.48263	86.43513	451034174.527324
7.47724	86.6163	452140355.36466044
7.47185	86.75812	453249888.48144823
7.46648	86.81923	454358650.1793539
7.4611	86.77177	455472837.3083217
7.45574	86.61449	456586239.5344716
7.45038	86.37545	457703004.55191815
7.44504	86.1033	458818958.4669736
7.43969	85.8528	459940373.24766165
7.43436	85.67045	461060963.1052645
7.42903	85.58353	462184925.91891575
7.42372	85.59394	463308037.162664
7.4184	85.67846	464436644.5734853
7.4131	85.79649	465564386.2535213
7.40781	85.90349	466693373.31027806
7.40252	85.96566	467825742.31860864
7.39724	85.96975	468959355.0558648
7.39197	85.92427	470094204.24433565
7.3867	85.85262	471232445.6258712
7.38145	85.78208	472369752.12550336
7.3762	85.73362	473510448.9328391
7.37095	85.7164	474654548.0039165
7.36572	85.72818	475797683.36992973
7.36049	85.76028	476944218.95573056
7.35527	85.80403	478091964.7085616
7.35006	85.85664	479240913.0018928
7.34485	85.92296	480393271.25129485
7.33965	86.01297	481546829.7536847
7.33446	86.13601	482701580.75781333
7.32928	86.29551	483857516.4603254
7.3241	86.48731	485016870.4416015
7.31894	86.70137	486175158.5301265
7.31377	86.9241	487339116.96663976
7.30862	87.13961	488501993.599361
7.30347	87.33021	489668296.4441304
7.29833	87.47814	490835762.7570525
7.2932	87.56983	492004384.42923945
7.28808	87.60266	493174153.2990492
7.28296	87.5905	494347355.9178673
7.27785	87.56347	495521702.6959898
7.27274	87.55916	496699493.5891337
7.26765	87.60864	497876110.5113509
7.26255	87.72501	499058490.11892074
7.25747	87.90026	500239678.9703081
7.2524	88.11136	501421983.60033387
7.24733	88.33137	502607737.6513135
7.24227	88.53974	503794604.01272
7.23721	88.72811	504984929.9238958
7.23217	88.90023	506174001.8887409
7.22713	89.06705	507366529.76026297
7.2221	89.2395	508560148.9618135
7.21707	89.42174	509757234.0422554
7.21205	89.60919	510955406.6329344
7.20704	89.7934	512154657.8673382
7.20204	89.97168	513354978.82485473
7.19704	90.15483	514558771.58902746
7.19205	90.36784	515763629.9892254
7.18706	90.64346	516971969.9840809
7.18209	91.01091	518178939.4250289
7.17712	91.48207	519389386.1926673
7.17215	92.03855	520603322.12455535
7.16719	92.62657	521818306.00992686
7.16225	93.16983	523031868.44846493
7.1573	93.6004	524251380.5131182
7.15236	93.88905	525471926.7087336
7.14744	94.0527	526691016.2575985
7.14252	94.13717	527913595.34377307
7.1376	94.19187	529139675.766958
7.13269	94.25176	530366766.6274413
7.12779	94.33098	531594858.3296483
7.12289	94.42571	532826458.27259886
7.11801	94.52218	534056529.81711733
7.11312	94.56165	535292635.9232255
7.10825	94.55592	536527194.1093236
7.10338	94.5548	537765264.6084448
7.09852	94.55579	539004306.1275879
7.09366	94.55757	540246869.0771847
7.08881	94.56013	541490397.6567204
7.08397	94.56419	542734881.8557807
7.07913	94.57009	543982893.7901157
7.07431	94.57609	545229266.2687297
7.06948	94.57653	546481757.617728
7.06467	94.56039	547732589.1544398
7.05986	94.512	548986951.6017493
7.05506	94.39257	550242237.8572913
7.05026	94.12172	551501063.8157787
7.04547	93.80458	552760807.6083246
7.04069	93.48403	554021458.8026925
7.03591	93.19684	555285655.3820066
7.03114	92.9571	556550753.1909598
7.02637	92.75416	557819405.0284535
7.02162	92.56203	559086280.9735652
7.01687	92.35154	560356704.575404
7.01213	92.10097	561628001.7435504
7.00738	91.80312	562905548.3507693
7.00265	91.46747	564181276.1436325
6.99793	91.11652	565457860.0778788
6.99321	90.77794	566738005.1804663
6.9885	90.47692	568018999.648547
6.98379	90.23242	569303563.5785731
6.97909	90.05841	570588969.9903684
6.9744	89.96755	571875207.7911237
6.96971	89.9729	573165019.7736919
6.96503	90.08386	574455656.0559813
6.96036	90.29719	575747105.399716
6.95569	90.59035	577042133.420351
6.95103	90.92451	578337967.2061447
6.94637	91.2554	579637387.6771222
6.94172	91.54219	580937606.5062016
6.93708	91.70445	582238612.2196989
6.93244	91.81845	583543208.78645
6.92781	91.88786	584848584.6208887
6.92318	91.89158	586157559.1471089
6.91857	91.75894	587464466.3730605
6.91396	91.5595	588774964.4629116
6.90935	91.31649	590089065.0534925
6.90475	91.05557	591403917.5213674
6.90015	90.7982	592722380.1540636
6.89557	90.55635	594038708.5919064
6.89098	90.33002	595361524.9329436
6.88641	90.1072	596682183.1197559
6.88184	89.86464	598006450.7920015
6.87728	89.57104	599331429.9558924
6.87272	89.19779	600660026.0066804
6.86816	88.74092	601992250.585832
6.86362	88.24081	603322248.3565485
6.85908	87.76917	604655866.0516136
6.85455	87.38376	605990165.8047334
6.85002	87.09835	607328092.6990707
6.8455	86.89074	608666692.8288116
6.84098	86.72443	610008927.2651906
6.83648	86.56291	611348844.3691082
6.83197	86.3764	612695376.4323477
6.82747	86.14547	614042563.720444
6.82298	85.86303	615390393.552662
6.8185	85.53274	616738853.189711
6.81402	85.16381	618090951.9725385
6.80954	84.76485	619446701.4758422
6.80507	84.34097	620803074.8279371
6.80061	83.89698	622160059.1010646
6.79616	83.44596	623517641.3087677
6.7917	83.01702	624881934.5091472
6.78726	82.6498	626243761.0701951
6.78282	82.3722	627609242.2250088
6.77839	82.18189	628975301.7362868
6.77396	82.05329	630345022.4205875
6.76954	81.95876	631715311.4830002
6.76512	81.88214	633089268.2403167
6.76071	81.81972	634463783.2727908
6.7563	81.77511	635841972.4640368
6.75191	81.75286	637217572.0399071
6.74752	81.75279	638596835.4427875
6.74313	81.76647	639979774.1672558
6.73875	81.77653	641363236.9502345
6.73437	81.75889	642750381.3109397
6.73	81.68788	644138039.1453155
6.72564	81.54475	645526196.677402
6.72128	81.32833	646918036.5875089
6.71692	81.06079	648313570.3793606
6.71258	80.77849	649706382.5918248
6.70824	80.51008	651102877.7408807
6.7039	80.25948	652503067.2940226
6.69957	80.00684	653903723.7087622
6.69524	79.72145	655308080.4467876
6.69092	79.37765	656712892.8424288
6.68661	78.97049	658118146.6690217
6.6823	78.52738	659527100.9678859
6.678	78.10479	660936485.2579728
6.6737	77.76303	662349575.7198461
6.66941	77.53436	663763084.6019694
6.66512	77.41096	665180305.2902783
6.66084	77.3568	666597932.6959816
6.65657	77.32592	668015952.2360241
6.6523	77.27361	669437683.1933415
6.64803	77.16363	670863137.0009434
6.64377	76.9828	672288973.71568
6.63952	76.76595	673715178.5549272
6.63527	76.60021	675145105.588482
6.63103	76.56912	676575388.5378112
6.62679	76.68683	678009398.9548036
6.62256	76.9103	679443752.9442595
6.61834	77.19189	680878435.4632943
6.61412	77.50179	682316844.3752102
6.6099	77.82112	683758991.0677398
6.60569	78.1297	685201456.2339298
6.60148	78.3986	686647664.2460494
6.59729	78.59014	688090729.4543071
6.59309	78.66489	689540982.0931411
6.5889	78.59484	690991527.5614918
6.58472	78.37818	692442350.4115053
6.58054	78.04883	693896919.4454035
6.57637	77.67108	695351752.7280811
6.5722	77.31421	696810336.949888
6.56804	77.01944	698269172.1492561
6.56388	76.78514	699731762.9701443
6.55973	76.58151	701194591.3584569
6.55558	76.37756	702661179.977208
6.55144	76.15879	704127992.6137465
6.5473	75.93022	705598570.0155557
6.54318	75.71085	707065791.9684691
6.53905	75.52536	708540339.7836
6.53493	75.39592	710015084.0911362
6.53081	75.33561	711493601.981377
6.5267	75.34529	712972302.3925346
6.5226	75.41473	714451169.0981027
6.5185	75.52726	715933806.5975903
6.5144	75.66478	717420226.1932874
6.51031	75.81095	718906799.9359788
6.50623	75.952	720393511.3914522
6.50215	76.07687	721884001.8579115
6.49808	76.17904	723374615.5296137
6.49401	76.26037	724869012.1901784
6.48995	76.33206	726363517.4049509
6.48589	76.40595	727861809.507729
6.48183	76.48282	729363899.7746415
6.47778	76.55268	730866085.7180829
6.47374	76.60421	732368350.4856707
6.4697	76.62971	733874409.7287793
6.46567	76.62494	735380532.7112455
6.46164	76.58829	736890453.8286316
6.45762	76.52169	738400423.4549891
6.4536	76.43204	739914194.7945427
6.44958	76.33148	741431779.0918884
6.44557	76.23525	742949398.2770038
6.44157	76.15736	744467035.0757464
6.43757	76.10604	745988480.5265226
6.43358	76.08144	747509927.9206051
6.42959	76.0771	749035187.298134
6.42561	76.08538	750560432.8010373
6.42163	76.10562	752089493.5353222
6.41766	76.14598	753618524.4289505
6.41369	76.21043	755151373.7178359
6.40972	76.28807	756688052.5995207
6.40576	76.36425	758224687.0719639
6.40181	76.43363	759761259.329256
6.39786	76.49894	761301656.0833083
6.39392	76.56593	762841974.208916
6.38998	76.64136	764386119.7395533
6.38604	76.73236	765934103.8404733
6.38211	76.84451	767481994.1666566
6.37819	76.97878	769029772.5908688
6.37427	77.12926	770581384.0053673
6.37035	77.28459	772136839.5521963
6.36644	77.43265	773692167.6618689
6.36253	77.56499	775251342.5677341
6.35863	77.6778	776810372.9795157
6.35474	77.77007	778369240.4470387
6.35085	77.84137	779931948.6396483
6.34696	77.8912	781498508.6620423
6.34308	77.9212	783064889.6161841
6.3392	77.93818	784635124.7972738
6.33533	77.9563	786205163.3952057
6.33146	77.99617	787779058.5272502
6.3276	78.08126	789352739.4076958
6.32374	78.23308	790930279.0388643
6.31989	78.46582	792507586.5960464
6.31604	78.78081	794088755.0294604
6.31219	79.16256	795673795.4252415
6.30835	79.57865	797258586.7921294
6.30452	79.98576	798843109.9793525
6.30069	80.34047	800431498.0471653
6.29686	80.61075	802023762.0522354
6.29304	80.78405	803615740.5200417
6.28923	80.86938	805207414.0815424
6.28541	80.89327	806807149.0314981
6.2816	80.89053	808406580.8442427
6.2778	80.8928	810005689.9899988
6.27401	80.91887	811604456.8808976
6.27021	80.97081	813211329.3027444
6.26642	81.03675	814817861.050159
6.26264	81.0984	816424032.3738931
6.25886	81.13976	818034088.007364
6.25509	81.15358	819643764.1028107
6.25132	81.14396	821257325.8976531
6.24755	81.12429	822874784.3871886
6.24379	81.11212	824491844.7171392
6.24003	81.12302	826112803.047107
6.23628	81.16579	827733343.7403715
6.23253	81.24011	829357783.6420201
6.22879	81.33667	830981786.2708988
6.22505	81.4397	832609689.2190626
6.22132	81.53092	834237135.099127
6.21758	81.59351	835872861.1499376
6.21386	81.61449	837503741.8144947
6.21014	81.58515	839138524.7550844
6.20642	81.50069	840777220.9115478
6.20271	81.36097	842415420.3422259
6.199	81.17342	844057533.8145798
6.1953	80.95708	845699130.2371988
6.1916	80.74368	847344641.4275426
6.18791	80.57068	848989615.083254
6.18422	80.4665	850638504.132501
6.18053	80.43632	852291319.4910389
6.17685	80.45915	853943576.9340713
6.17317	80.49797	855599761.2208489
6.1695	80.51507	857255366.7343608
6.16583	80.4849	858914899.5245737
6.16217	80.40155	860573832.5215143
6.15851	80.28022	862236693.126137
6.15485	80.15172	863903492.2265499
6.1512	80.05007	865569670.4677311
6.14756	79.99784	867235206.3880894
6.14392	79.99812	868904670.300052
6.14028	80.03726	870578073.0487096
6.13664	80.09497	872255425.5129734
6.13302	80.15486	873927489.7807322
6.12939	80.21174	875608117.303686
6.12577	80.27566	877288059.2517575
6.12215	80.37238	878971950.8568397
6.11854	80.53592	880655134.9468218
6.11494	80.78777	882337589.5571653
6.11133	81.1115	884028672.4780354
6.10773	81.45332	885719025.642516
6.10414	81.75743	887408626.9174709
6.10055	81.9995	889102177.0187452
6.09696	82.18963	890799686.7447149
6.09338	82.35754	892496421.9034511
6.0898	82.53904	894197116.2043949
6.08623	82.76809	895897013.2841104
6.08266	83.07114	897600868.9166071
6.07909	83.4607	899308693.8852911
6.07553	83.92973	901015698.4654686
6.07197	84.45258	902726671.6906458
6.06842	84.99516	904436801.4864001
6.06487	85.52636	906150899.127873
6.06133	86.01797	907864130.1324049
6.05779	86.43257	909581328.0748711
6.05425	86.71758	911302503.6965941
6.05072	86.82576	913022788.7992252
6.04719	86.75197	914747050.5690553
6.04367	86.54527	916470398.2223036
6.04015	86.28122	918197721.4210632
6.03663	86.02646	919929030.8874512
6.03312	85.82326	921659401.8565764
6.02961	85.69144	923393757.8656223
6.02611	85.63533	925127151.3876245
6.02261	85.64834	926864528.6111072
6.01911	85.71486	928605900.2372735
6.01562	85.81236	930346284.4934918
6.01213	85.916	932090661.7062014
6.00865	86.00462	933834027.1646637
6.00517	86.06466	935581384.0216107
6.00169	86.08946	937332742.9556222
5.99822	86.07493	939083064.7466722
5.99476	86.01489	940832325.5058613
5.9913	85.8986	942585574.2412673
5.98784	85.71283	944342821.5751737
5.98438	85.44873	946104078.1617254
5.98093	85.11022	947864246.9291067
5.97748	84.71842	949628423.0576231
5.97404	84.30842	951391486.187498
5.9706	83.9205	953158554.6730893
5.96716	83.5908	954929639.1424739
5.96373	83.3442	956699584.2027692
5.96031	83.18974	958468365.3923618
5.95688	83.11709	960246337.0652593
5.95346	83.09303	962023142.6342869
5.95005	83.05856	963798757.4635639
5.94664	82.93148	965578381.5768033
5.94323	82.62594	967362025.5440089
5.93982	82.09728	969149699.966532
5.93642	81.38872	970936155.2611417
5.93303	80.62157	972721366.5042131
5.92964	79.91833	974510592.5889685
5.92625	79.33731	976303844.0551388
5.92286	78.87171	978101131.4735637
5.91948	78.48358	979897145.815595
5.91611	78.13232	981691861.869468
5.91273	77.78829	983495941.3134769
5.90936	77.43659	985298719.6550926
5.906	77.07576	987100171.506888
5.90264	76.71373	988905650.8679429
5.89928	76.3617	990715168.2447585
5.89592	76.02837	992528734.1746327
5.89257	75.71625	994340943.5945545
5.88923	75.42263	996151770.8280814
5.88589	75.14342	997966629.8873526
5.88255	74.8761	999785531.2442284
5.87921	74.62025	1001608485.4011194
5.87588	74.37637	1003430026.7037296
5.87256	74.14431	1005250129.1864237
5.86923	73.9227	1007079767.795316
5.86591	73.71038	1008907964.1716701
5.8626	73.50911	1010734692.1730747
5.85928	73.32521	1012570999.9008499
5.85597	73.16813	1014405835.7183609
5.85267	73.04687	1016239173.3060224
5.84937	72.96596	1018076560.2628545
5.84607	72.92298	1019918007.0164537
5.84278	72.90767	1021757925.3898664
5.83949	72.90186	1023601899.779787
5.8362	72.88079	1025449940.6090317
5.83292	72.8181	1027296422.6057047
5.82964	72.69761	1029146967.1363493
5.82637	72.52668	1030995924.0965166
5.82309	72.3337	1032854612.5123992
5.81983	72.1456	1034706023.9181836
5.81656	71.97232	1036567187.5732465
5.8133	71.81173	1038426730.5861565
5.81005	71.65974	1040284625.87915
5.80679	71.51435	1042152317.032801
5.80354	71.37546	1044018356.1850588
5.8003	71.24427	1045882716.0799156
5.79705	71.12246	1047756915.4836189
5.79382	71.01148	1049623645.568002
5.79058	70.91217	1051500235.8548977
5.78735	70.825	1053375112.7753656
5.78412	70.75072	1055254072.3059617
5.7809	70.69164	1057131288.5896575
5.77768	70.65122	1059012582.8200146
5.77446	70.63177	1060897965.3131673
5.77125	70.62975	1062781572.10554
5.76804	70.63207	1064669262.3666894
5.76483	70.61979	1066561046.4039536
5.76163	70.57852	1068451021.9767059
5.75843	70.50587	1070345086.4001518
5.75523	70.40993	1072243249.9723241
5.75204	70.30229	1074139572.005303
5.74885	70.19201	1076039988.129344
5.74567	70.08232	1077938531.9252052
5.74249	69.9699	1079841164.628274
5.73931	69.84597	1081747896.487606
5.73614	69.69877	1083652722.3943222
5.73297	69.51665	1085561642.1399045
5.7298	69.29127	1087474665.9625866
5.72663	69.0214	1089391804.1292512
5.72347	68.71725	1091306999.6735463
5.72032	68.4025	1093220223.862719
5.71716	68.10993	1095143634.3803995
5.71401	67.86987	1097065067.9560127
5.71087	67.69883	1098984495.6771448
5.70772	67.59724	1100914153.4145257
5.70458	67.55569	1102841799.574515
5.70145	67.56179	1104767405.0648704
5.69831	67.60321	1106703284.277968
5.69519	67.66796	1108630932.0238752
5.69206	67.74449	1110568873.8440406
5.68894	67.82304	1112504736.8711107
5.68582	67.89762	1114444716.1913896
5.6827	67.9666	1116388821.981319
5.67959	68.03167	1118330813.4596672
5.67648	68.0939	1120276925.272182
5.67338	68.15041	1122220890.0756311
5.67027	68.1932	1124175259.7416303
5.66718	68.21074	1126121172.0104418
5.66408	68.19075	1128077509.4100704
5.66099	68.12336	1130031660.5138633
5.6579	68.00401	1131989939.540799
5.65482	67.83623	1133945999.07452
5.65173	67.63412	1135912550.9337516
5.64865	67.42185	1137876876.7448494
5.64558	67.2274	1139838946.3344116
5.64251	67.07153	1141805140.7397337
5.63944	66.96119	1143775470.034957
5.63637	66.8941	1145749944.3216786
5.63331	66.86824	1147722121.925882
5.63026	66.886	1149691972.3846323
5.6272	66.95053	1151672422.8077388
5.62415	67.05874	1153650539.1157894
5.6211	67.19528	1155632796.6483326
5.61806	67.33101	1157612685.8635147
5.61502	67.42851	1159596709.1905315
5.61197	67.45424	1161591423.5267484
5.60894	67.39213	1163577198.3004398
5.60591	67.24994	1165567109.9858606
5.60288	67.05399	1167561168.5884154
5.59986	66.83624	1169552782.5216627
5.59683	66.62093	1171555151.313582
5.59381	66.41646	1173555068.0229542
5.5908	66.21382	1175552501.3934243
5.58779	65.99175	1177554076.7541752
5.58478	65.72724	1179559804.0731418
5.58177	65.40851	1181569693.3449826
5.57877	65.04298	1183577056.4395444
5.57577	64.65442	1185588573.7821798
5.57277	64.27119	1187604255.3479545
5.56978	63.91476	1189617371.3410382
5.56679	63.59507	1191634643.7056866
5.56381	63.31265	1193649314.7774737
5.56082	63.06285	1195674915.792414
5.55784	62.83929	1197697907.5155125
5.55486	62.63437	1199725067.5004833
5.55189	62.43773	1201749582.1388788
5.54892	62.23541	1203778256.892142
5.54595	62.01143	1205811101.673459
5.54299	61.75191	1207841260.7287006
5.54003	61.44948	1209875581.5163586
5.53707	61.106	1211914073.9279609
5.53411	60.73326	1213956747.8811827
5.53116	60.35157	1215996691.1665232
5.52822	59.98545	1218033871.2656095
5.52527	59.65671	1220082156.4139385
5.52233	59.37657	1222127669.7812922
5.51939	59.14196	1224177357.4826055
5.51645	58.93854	1226231229.3905041
5.51352	58.74929	1228282288.0592756
5.51059	58.56222	1230337522.1740224
5.50766	58.37346	1232396941.5841196
5.50474	58.18526	1234453505.9658175
5.50182	58.00124	1236514246.7309263
5.4989	57.82234	1238579173.7050526
5.49599	57.64515	1240641203.5300477
5.49308	57.46367	1242707410.5002525
5.49017	57.2731	1244777804.4169874
5.48727	57.07355	1246845258.7320902
5.48436	56.87183	1248924041.5754075
5.48146	56.68	1250999875.5843103
5.47857	56.51122	1253072727.1908538
5.47568	56.37423	1255149756.9688344
5.47279	56.2692	1257230974.6695523
5.4699	56.18766	1259316390.069565
5.46702	56.11735	1261398775.1761913
5.46414	56.04937	1263485348.4422684
5.46126	55.98227	1265576119.6184795
5.45838	55.92116	1267671098.4806864
5.45551	55.87315	1269762998.6458762
5.45265	55.8426	1271851786.008126
5.44978	55.82865	1273952077.1931531
5.44692	55.82599	1276049245.7262707
5.44406	55.82744	1278150612.0821226
5.4412	55.82678	1280256185.9830816
5.43835	55.82029	1282358592.925765
5.4355	55.80635	1284465197.3910432
5.43265	55.78409	1286576009.0738285
5.42981	55.75231	1288683609.15728
5.42697	55.71028	1290795406.279659
5.42413	55.65996	1292911410.1079028
5.42129	55.60759	1295031630.3336108
5.41846	55.56257	1297148588.802744
5.41563	55.53414	1299269753.3152297
5.4128	55.52801	1301395133.5341256
5.40998	55.54476	1303517206.58854
5.40716	55.57993	1305643484.8379464
5.40434	55.62543	1307773977.9163527
5.40153	55.6719	1309901118.0867062
5.39871	55.71136	1312040054.7909894
5.39591	55.73926	1314168020.5115116
5.3931	55.75492	1316307801.999148
5.3903	55.76004	1318444179.0712435
5.3875	55.75615	1320584768.6891139
5.3847	55.74257	1322729580.4513655
5.38191	55.71666	1324870941.2841773
5.37911	55.67644	1327024211.0627286
5.37633	55.62407	1329166305.932513
5.37354	55.56773	1331320328.9080362
5.37076	55.52053	1333470848.5060053
5.36798	55.4962	1335625587.216076
5.3652	55.50329	1337784554.5990708
5.36242	55.54023	1339947760.239753
5.35965	55.59327	1342107409.527496
5.35689	55.63932	1344263466.2646616
5.35412	55.65407	1346431563.575032
5.35136	55.62208	1348596056.8284423
5.3486	55.54318	1350764774.9629202
5.34584	55.43072	1352937727.49912
5.34309	55.30389	1355107027.9163902
5.34033	55.17939	1357288462.4842176
5.33759	55.06728	1359458306.3776708
5.33484	54.9712	1361640303.420997
5.3321	54.89196	1363818594.0048695
5.32936	54.83181	1366001114.4287844
5.32662	54.79729	1368187874.1708415
5.32389	54.79847	1370370878.6144125
5.32116	54.84492	1372558110.3420172
5.31843	54.94021	1374749578.7979329
5.3157	55.07825	1376945293.4497094
5.31298	55.24281	1379137197.5115218
5.31026	55.41055	1381333335.5500197
5.30754	55.55536	1383533716.9983704
5.30482	55.65331	1385738351.3129005
5.30211	55.68653	1387939119.2116034
5.2994	55.6459	1390144127.5712385
5.2967	55.53224	1392345225.7450285
5.29399	55.35617	1394558727.5792696
5.29129	55.13704	1396768306.6590443
5.28859	54.90105	1398982132.4384515
5.2859	54.67823	1401191991.3441656
5.28321	54.49773	1403406084.2173343
5.28051	54.38199	1405632674.9391193
5.27783	54.34141	1407847009.288854
5.27514	54.37145	1410073860.255498
5.27246	54.45389	1412296680.6690161
5.26978	54.56199	1414523750.2236712
5.26711	54.66816	1416746744.5005753
5.26443	54.75158	1418982324.4947202
5.26176	54.80354	1421213816.1017895
5.25909	54.82865	1423449562.4215808
5.25643	54.84228	1425681175.279724
5.25376	54.8655	1427925443.058025
5.25111	54.9198	1430157134.596165
5.24845	55.02341	1432401499.6456244
5.24579	55.18933	1434650134.0539825
5.24314	55.4248	1436894569.5505316
5.24049	55.73122	1439143260.9160478
5.23785	56.10417	1441387707.6900363
5.2352	56.53408	1443644922.541113
5.23256	57.00758	1445897879.1449
5.22992	57.5095	1448155096.505229
5.22728	58.02444	1450416583.8965611
5.22465	58.53786	1452673760.0800612
5.22202	59.03649	1454935192.4467583
5.21939	59.50915	1457200890.2319205
5.21677	59.94783	1459462223.5112712
5.21414	60.34885	1461736463.6208112
5.21152	60.71329	1464006325.1838624
5.20891	61.04623	1466271768.5794282
5.20629	61.35506	1468550162.7370033
5.20368	61.64791	1470824124.5196304
5.20107	61.93278	1473102351.1246629
5.19846	62.21728	1475384851.7511013
5.19586	62.50873	1477662865.80996
5.19326	62.81402	1479945139.4887762
5.19066	63.13944	1482231681.9457932
5.18806	63.4905	1484522502.3608284
5.18547	63.87196	1486808774.3739414
5.18288	64.288	1489099309.7488832
5.18028	64.74216	1491402986.1779933
5.1777	65.23657	1493693207.1597393
5.17512	65.77046	1495987685.9133058
5.17254	66.33855	1498286431.5355065
5.16996	66.92981	1500589453.1444464
5.16738	67.52759	1502896759.8795614
5.16481	68.11094	1505199392.9060018
5.16224	68.65646	1507506296.070766
5.15967	69.14038	1509817478.4708803
5.1571	69.54106	1512132949.2245853
5.15454	69.84197	1514443682.7956321
5.15198	70.03503	1516758689.5355413
5.14942	70.12261	1519077978.5195968
5.14686	70.11655	1521401558.844163
5.14431	70.03378	1523720337.964087
5.14176	69.89093	1526043393.0422623
5.13921	69.70097	1528370733.1315565
5.13667	69.47299	1530693215.2437956
5.13412	69.21442	1533029135.7047884
5.13158	68.93314	1535360182.608296
5.12905	68.63785	1537686314.397426
5.12651	68.33662	1540025928.486666
5.12398	68.03449	1542360611.712056
5.12145	67.73149	1544699575.707578
5.11892	67.42302	1547042829.4791813
5.1164	67.10261	1549381094.7156568
5.11387	66.76613	1551732938.0951703
5.11135	66.41536	1554079776.9610937
5.10883	66.05837	1556430907.63281
5.10632	65.70628	1558776983.6507473
5.1038	65.36749	1561136707.840557
5.10129	65.04197	1563491361.1982017
5.09879	64.71849	1565840901.4160655
5.09628	64.37585	1568204133.762939
5.09378	63.98807	1570562236.621999
5.09128	63.53209	1572924625.6293461
5.08878	62.99527	1575291309.7155962
5.08628	62.3803	1577662297.8316514
5.08379	61.7048	1580028089.1408703
5.0813	60.99569	1582398167.9002185
5.07881	60.2807	1584772543.0139
5.07633	59.58077	1587141661.8506525
5.07384	58.90651	1589524639.1221395
5.07136	58.25904	1591902343.335585
5.06888	57.63382	1594284344.9237404
5.06641	57.02537	1596661021.9157336
5.06393	56.43088	1599051627.5468922
5.06146	55.8517	1601436891.5988958
5.05899	55.29277	1603826453.7891574
5.05652	54.76034	1606220322.986943
5.05406	54.25907	1608608790.1168337
5.0516	53.78984	1611001547.0689552
5.04914	53.34882	1613398602.664319
5.04668	52.92818	1615799965.7436633
5.04423	52.51824	1618195857.2334979
5.04178	52.11012	1620596038.8193274
5.03932	51.69847	1623010342.3202415
5.03688	51.28332	1625409307.4664266
5.03443	50.87072	1627822412.170423
5.03199	50.47194	1630229966.3911195
5.02955	50.10156	1632641819.518518
5.02711	49.77467	1635057980.3344054
5.02468	49.50364	1637468528.8301146
5.02224	49.29527	1639893313.7016168
5.01981	49.14901	1642312468.4250956
5.01738	49.05696	1644735930.5618684
5.01496	49.00581	1647153709.1688976
5.01253	48.9793	1649585794.6475
5.01011	48.96047	1652012178.564356
5.00769	48.93266	1654442869.3535373
5.00528	48.87983	1656867804.8529384
5.00286	48.78717	1659307117.7371755
5.00045	48.64227	1661740657.0952075
4.99804	48.437	1664178502.517255
4.99563	48.16887	1666620662.7109709
4.99323	47.84079	1669056986.0737681
4.99082	47.45925	1671507784.0159445
4.98842	47.03128	1673952726.651747
4.98602	46.56201	1676401982.9857287
4.98363	46.05388	1678845329.4878833
4.98124	45.50811	1681292971.0421236
4.97884	44.92756	1683755184.5101562
4.97645	44.31967	1686211460.1187038
4.97407	43.69766	1688661752.3445907
4.97168	43.07929	1691126660.5282953
4.9693	42.48343	1693585566.443031
4.96692	41.92517	1696048783.0946107
4.96454	41.41162	1698516319.1101377
4.96217	40.9398	1700977788.0857897
4.9598	40.49794	1703443557.3334303
4.95742	40.07041	1705924066.838541
4.95506	39.64491	1708388030.9597175
4.95269	39.21866	1710866752.5421224
4.95033	38.8012	1713339322.655088
4.94796	38.41195	1715826703.9005036
4.9456	38.07416	1718307914.3071961
4.94325	37.80742	1720782907.5412364
4.94089	37.62161	1723272755.9388993
4.93854	37.51454	1725756367.6239953
4.93619	37.47403	1728244292.1774995
4.93384	37.484	1730736538.1396163
4.93149	37.53198	1733233114.0687957
4.92915	37.61442	1735723377.1487694
4.92681	37.7379	1738217950.413101
4.92447	37.91558	1740716842.3656216
4.92213	38.16064	1743220061.5282633
4.9198	38.48036	1745716891.1575096
4.91747	38.87307	1748218028.0073566
4.91513	39.3297	1750734242.8729134
4.91281	39.83858	1753233257.2541509
4.91048	40.39097	1755747366.6386385
4.90816	40.9847	1758254999.1300797
4.90583	41.62419	1760777780.7582204
4.90351	42.31683	1763294065.2226386
4.9012	43.06771	1765803805.059753
4.89888	43.87476	1768328738.0711615
4.89657	44.72624	1770847106.014478
4.89426	45.60108	1773369791.3159235
4.89195	46.47146	1775896802.4020238
4.88964	47.30585	1778428147.7169971
4.88734	48.07217	1780952849.3472207
4.88504	48.74072	1783481864.5206146
4.88274	49.288	1786015201.6247125
4.88044	49.70082	1788552869.0645769
4.87814	49.97937	1791094875.262844
4.87585	50.13763	1793630148.1365154
4.87356	50.1999	1796169738.837274
4.87127	50.19407	1798713655.7305007
4.86898	50.1438	1801261907.1989858
4.8667	50.06259	1803803345.4890964
4.86441	49.95185	1806360272.3062356
4.86213	49.80368	1808910364.7674165
4.85986	49.60718	1811453574.2946076
4.85758	49.35545	1814012316.3493452
4.8553	49.05068	1816575405.2443392
4.85303	48.70512	1819131579.132744
4.85076	48.33816	1821692078.4371028
4.84849	47.97086	1824256911.4759808
4.84623	47.62054	1826814759.0989962
4.84397	47.29754	1829376918.863342
4.84171	47.00511	1831943399.0289028
4.83944	46.74175	1834525592.7642927
4.83719	46.50424	1837089353.6880195
4.83493	46.2891	1839668844.7862577
4.83268	46.092	1842241246.9524684
4.83043	45.9058	1844817972.5217
4.82818	45.71924	1847399029.7454574
4.82593	45.51788	1849984426.8920968
4.82369	45.28797	1852562652.6355627
4.82145	45.02178	1855145196.214236
4.81921	44.72223	1857732065.836707
4.81697	44.40404	1860323269.728258
4.81473	44.0902	1862918816.130898
4.8125	43.80487	1865507096.9391737
4.81026	43.56479	1868111333.6786363
4.80803	43.37294	1870708282.447885
4.80581	43.21707	1873297893.160802
4.80358	43.07388	1875903503.8278468
4.80136	42.91718	1878501753.8952348
4.79913	42.72678	1881116059.2385216
4.79692	42.49488	1883711228.7439306
4.7947	42.22819	1886322469.8496954
4.79248	41.94572	1888938057.6534448
4.79027	41.67361	1891546189.0384326
4.78806	41.43918	1894158644.2890682
4.78585	41.26583	1896775431.5308847
4.78364	41.16955	1899396558.9057026
4.78143	41.15685	1902022034.5716543
4.77923	41.22391	1904639957.1863968
4.77703	41.35617	1907262205.0110526
4.77483	41.52953	1909888786.1418788
4.77263	41.71326	1912519708.691275
4.77044	41.87577	1915142992.4256425
4.76824	41.99189	1917782602.3879902
4.76605	42.04984	1920414550.204948
4.76386	42.05515	1923050832.3048851
4.76168	42.02845	1925679389.2429962
4.75949	42.00019	1928324344.2879539
4.75731	42.00047	1930961550.6333697
4.75513	42.04957	1933603083.8256652
4.75295	42.15237	1936248951.9000978
4.75077	42.29887	1938899162.9077954
4.7486	42.46992	1941541538.0799816
4.74642	42.64563	1944200439.1569192
4.74425	42.81259	1946851480.5693407
4.74208	42.96715	1949506857.1566567
4.73991	43.11421	1952166576.9382098
4.73775	43.26248	1954818361.1322172
4.73559	43.41949	1957474464.4845066
4.73342	43.58828	1960147221.833592
4.73126	43.76764	1962812007.473126
4.72911	43.95486	1965468769.1246216
4.72695	44.14928	1968142228.8214614
4.7248	44.35427	1970807640.24498
4.72265	44.57679	1973477378.4144456
4.7205	44.82428	1976151451.2677891
4.71835	45.10113	1978829866.7583814
4.7162	45.40622	1981512632.8550513
4.71406	45.73292	1984187249.1863456
4.71192	46.07183	1986866191.546
4.70978	46.41455	1989549467.8379803
4.70764	46.7571	1992237085.9815438
4.7055	47.10158	1994929053.9112618
4.70337	47.45487	1997612769.778049
4.70124	47.82571	2000300810.6036668
4.69911	48.2211	2002993184.257348
4.69698	48.64373	2005689898.623472
4.69485	49.09128	2008390961.6015816
4.69273	49.55768	2011083669.4155078
4.69061	50.03543	2013780700.7645943
4.68849	50.5182	2016482063.4825797
4.68637	51.00294	2019187765.418198
4.68425	51.49088	2021897814.4352052
4.68214	51.98738	2024599404.3850589
4.68002	52.5004	2027318150.6182823
4.67791	53.03816	2030028412.413854
4.6758	53.6061	2032743011.6115232
4.6737	54.20376	2035449059.785777
4.67159	54.82268	2038172336.6351876
4.66949	55.44586	2040887036.8856668
4.66739	56.04952	2043606064.550562
4.66529	56.60722	2046329427.4051251
4.66319	57.09516	2049057133.239332
4.66109	57.49763	2051789189.8579073
4.659	57.81067	2054512564.191119
4.65691	58.04282	2057240263.4393854
4.65482	58.21278	2059972295.3401282
4.65273	58.34396	2062708667.6453464
4.65064	58.45802	2065449388.1216307
4.64856	58.56867	2068181319.829804
4.64648	58.67807	2070917573.5906749
4.64439	58.77663	2073671343.4559138
4.64231	58.84628	2076416285.3050177
4.64024	58.86598	2079152344.2501621
4.63816	58.81756	2081905963.3547041
4.63609	58.69043	2084650673.1880236
4.63402	58.48346	2087399709.5434406
4.63195	58.20415	2090153080.0948427
4.62988	57.86547	2092910792.5304089
4.62781	57.48174	2095672854.552633
4.62575	57.0652	2098425899.0473866
4.62369	56.62395	2101183266.467418
4.62163	56.16183	2103944964.4465008
4.61957	55.67935	2106711000.6325414
4.61751	55.17534	2109481382.687614
4.61546	54.64819	2112242638.1697648
4.6134	54.09663	2115021713.8162196
4.61135	53.51992	2117791635.9338865
4.6093	52.9179	2120565892.2479491
4.60725	52.29118	2123344490.3793995
4.60521	51.64144	2126113852.0401745
4.60317	50.97156	2128887528.3607996
4.60112	50.28518	2131679155.190621
4.59908	49.58546	2134461504.742172
4.59704	48.87377	2137248191.686609
4.59501	48.1486	2140025531.4783187
4.59297	47.40546	2142820894.6467953
4.59094	46.63835	2145606883.2109256
4.58891	45.84223	2148397196.8323746
4.58688	45.01622	2151191843.047828
4.58485	44.16606	2153990829.4076824
4.58282	43.30464	2156794163.4760776
4.5808	42.45003	2159588011.1620345
4.57878	41.62121	2162386178.8108873
4.57676	40.833	2165188673.916175
4.57474	40.09207	2167995503.9849977
4.57272	39.39564	2170806676.538037
4.57071	38.73364	2173608250.152593
4.56869	38.0934	2176428108.6998034
4.56668	37.4654	2179238340.268769
4.56467	36.84761	2182052901.279635
4.56266	36.24681	2184871799.2089944
4.56066	35.67637	2187680984.7995386
4.55865	35.15129	2190508557.379557
4.55665	34.68252	2193326389.3346705
4.55465	34.27259	2196148544.8307796
4.55265	33.91431	2198975031.2997017
4.55065	33.59267	2201805856.186534
4.54865	33.28921	2204641026.9496813
4.54666	32.98689	2207466342.598985
4.54467	32.6741	2210295975.5449996
4.54268	32.34649	2213129933.1741486
4.54069	32.00691	2215968222.885986
4.5387	31.66352	2218810852.0932016
4.53672	31.32728	2221643510.929559
4.53473	31.00946	2224494819.5184617
4.53275	30.71917	2227336128.8635073
4.53077	30.46177	2230181763.6101847
4.52879	30.23712	2233031731.1248717
4.52681	30.03912	2235886038.7869453
4.52484	29.85599	2238730245.4007173
4.52286	29.6724	2241593233.5345097
4.52089	29.47285	2244446091.4538083
4.51892	29.24574	2247303275.066165
4.51696	28.98682	2250150255.284684
4.51499	28.70058	2253016090.2420106
4.51302	28.39912	2255886272.890514
4.51106	28.09832	2258746208.029345
4.5091	27.81283	2261610461.4004946
4.50714	27.55149	2264479040.2885284
4.50518	27.3148	2267351951.990713
4.50323	27.09529	2270214512.9331627
4.50127	26.88045	2273096090.00687
4.49932	26.65691	2275967286.618747
4.49737	26.41433	2278842800.8889136
4.49542	26.14791	2281722640.0661545
4.49347	25.85916	2284606811.411809
4.49153	25.55475	2287480498.2418847
4.48958	25.24441	2290373333.449167
4.48764	24.93859	2293255654.1472025
4.4857	24.64627	2296142291.49363
4.48376	24.37357	2299033252.7005725
4.48182	24.09277	2301928544.992562
4.47988	23.86487	2304828175.606559
4.47795	23.67232	2307717171.687985
4.47602	23.49073	2310610475.806687
4.47409	23.30442	2313508095.1250067
4.47216	23.11533	2316410036.817532
4.47023	22.94369	2319316308.071114
4.4683	22.81646	2322226916.0848794
4.46638	22.75112	2325126753.484221
4.46446	22.74645	2328030897.068542
4.46253	22.78118	2330954513.4784765
4.46062	22.82348	2333852131.300572
4.4587	22.84369	2336769236.232763
4.45678	22.82585	2339690675.9189415
4.45487	22.77098	2342601207.825208
4.45295	22.69138	2345531315.8790126
4.45104	22.60355	2348450485.237417
4.44913	22.51877	2351373972.7038813
4.44723	22.4412	2354286445.2495427
4.44532	22.37011	2357218567.570015
4.44342	22.3042	2360139643.866025
4.44151	22.24615	2363080429.4228334
4.43961	22.20269	2366010137.7503724
4.43771	22.17999	2368944161.363489
4.43581	22.1763	2371882507.3308744
4.43392	22.18052	2374809683.6221557
4.43202	22.17565	2377756672.7090917
4.43013	22.14531	2380692460.677391
4.42824	22.0824	2383632553.6422205
4.42635	21.99255	2386576958.619494
4.42446	21.89237	2389525682.6368046
4.42257	21.80271	2392478732.733418
4.42069	21.73898	2395420457.0150013
4.4188	21.7064	2398382157.452263
4.41692	21.69836	2401332500.2933955
4.41504	21.70192	2404287151.457898
4.41316	21.70336	2407246117.931481
4.41129	21.69361	2410193633.090353
4.40941	21.66811	2413161228.1385374
4.40753	21.62677	2416133159.48482
4.40566	21.56524	2419093591.4104476
4.40379	21.47869	2422058327.514927
4.40192	21.3623	2425027374.7412667
4.40006	21.21691	2427984828.1984124
4.39819	21.05088	2430962495.3959208
4.39633	20.88254	2433928536.522392
4.39446	20.73519	2436914851.4505854
4.3926	20.62848	2439889507.902551
4.39074	20.57185	2442868470.8307037
4.38888	20.55956	2445851747.1457615
4.38703	20.57258	2448823269.858635
4.38517	20.58534	2451815170.4413533
4.38332	20.57183	2454795284.783749
4.38147	20.51246	2457779693.6409826
4.37962	20.39799	2460768403.8682213
4.37777	20.23107	2463761422.3317094
4.37592	20.02263	2466758755.9087768
4.37407	19.79236	2469760411.487864
4.37223	19.56446	2472750135.7549295
4.37039	19.35894	2475744149.05031
4.36855	19.1855	2478742458.1841154
4.36671	19.04002	2481745069.9773755
4.36487	18.90753	2484751991.2620597
4.36303	18.77108	2487763228.8810863
4.3612	18.62014	2490762389.0746303
4.35937	18.45572	2493765832.3464174
4.35753	18.28678	2496790012.95816
4.3557	18.12157	2499802066.187422
4.35388	17.95576	2502801928.327768
4.35205	17.76771	2505822571.662951
4.35022	17.52303	2508847532.005533
4.3484	17.19219	2511860250.9468517
4.34658	16.75772	2514877253.3056965
4.34476	16.23361	2517898545.8103967
4.34294	15.66356	2520924135.199901
4.34112	15.11001	2523954028.223801
4.3393	14.63551	2526988231.642342
4.33749	14.2885	2530010045.2508965
4.33567	14.0956	2533052866.00563
4.33386	14.06623	2536083263.027506
4.33205	14.19891	2539117949.983436
4.33024	14.48388	2542156933.5752845
4.32843	14.89933	2545200220.515415
4.32663	15.40295	2548230968.1213636
4.32483	15.92368	2551265984.9273
4.32302	16.36166	2554322174.480708
4.32122	16.60006	2557365773.4050884
4.31942	16.53928	2560413661.495457
4.31762	16.12418	2563465845.4155416
4.31583	15.38997	2566505339.4620123
4.31403	14.46736	2569566111.1157126
4.31224	13.55499	2572614158.417196
4.31045	12.85603	2575666480.3378677
4.30865	12.49747	2578740171.5150614
4.30686	12.4645	2581801086.46979
4.30508	12.59789	2584849159.907605
4.30329	12.65729	2587918646.448595
4.30151	12.41726	2590975256.7186036
4.29972	11.74075	2594053341.2774816
4.29794	10.59939	2597118514.70401
4.29616	9.05359	2600187967.5755095
4.29438	7.24513	2603261706.466384
4.2926	5.40762	2606339737.9610844
4.29083	3.84377	2609404740.1687455
4.28905	2.83751	2612491352.456343
4.28728	2.54819	2615564900.321351
4.28551	2.93588	2618642718.7628098
4.28374	3.74985	2621724814.304262
4.28197	4.58957	2624811193.479134
4.2802	5.03482	2627901862.8307686
4.27844	4.7597	2630979331.147001
4.27667	3.62725	2634078576.1909857
4.27491	1.77156	2637164584.737622
4.27315	-0.32039	2640254861.0243506
4.27139	-1.86656	2643349411.5329366
4.26963	-2.14832	2646448242.754894
4.26787	-1.04396	2649551361.191491
4.26612	0.88047	2652641105.461825
4.26436	2.90923	2655752793.418928
4.26261	4.57739	2658851071.4228497
4.26086	5.6746	2661953613.794993
4.25911	6.12694	2665060426.974415
4.25736	5.95876	2668171517.409765
4.25561	5.31188	2671286891.5593066
4.25387	4.49381	2674388717.037747
4.25212	4.00737	2677512653.4581785
4.25038	4.46397	2680623005.0971713
4.24864	6.28013	2683737617.1938715
4.2469	9.2059	2686856496.143697
4.24516	12.10311	2689979648.3515105
4.24342	13.56409	2693107080.2316384
4.24169	13.26175	2696220787.570902
4.23996	12.13098	2699338738.2053227
4.23822	11.04861	2702478998.232967
4.23649	10.74998	2705605479.0831175
4.23476	11.7588	2708736222.2897215
4.23303	13.57612	2711871234.2129397
4.23131	14.98805	2714992362.7580643
4.22958	15.31304	2718135906.465551
4.22786	14.85142	2721265530.0980334
4.22613	14.22778	2724417630.9945717
4.22441	13.79872	2727555775.009157
4.22269	13.57718	2730698176.338248
4.22097	13.42528	2733844841.2963996
4.21926	13.20218	2736977444.465665
4.21754	12.80649	2740132630.7818146
4.21582	12.19218	2743292099.68879
4.21411	11.37987	2746437451.189224
4.2124	10.45589	2749587048.1553
4.21069	9.54878	2752740896.846079
4.20898	8.78951	2755899003.529624
4.20727	8.28058	2759061374.483008
4.20557	8.03896	2762209485.1947784
4.20386	8.03659	2765380378.5259924
4.20216	8.20972	2768536974.2294803
4.20046	8.47968	2771697809.3057904
4.19876	8.76703	2774862889.9667645
4.19706	8.99967	2778032222.4330997
4.19536	9.11673	2781205812.934346
4.19366	9.07771	2784383667.708921
4.19197	8.86883	2787547062.1214046
4.19028	8.50806	2790714683.107249
4.18858	8.04022	2793905317.7959228
4.18689	7.52837	2797081435.5029616
4.1852	7.03272	2800261798.3112197
4.18351	6.59739	2803446412.4019165
4.18183	6.24088	2806616402.368836
4.18014	5.96348	2809809512.3558807
4.17846	5.75602	2812987960.2072573
4.17677	5.61559	2816189590.7733045
4.17509	5.54806	2819376521.080184
4.17341	5.56218	2822567689.228725
4.17174	5.65542	2825744068.4729667
4.17006	5.80494	2828943705.3930593
4.16838	5.9667	2832147598.5400295
4.16671	6.08765	2835336645.2854247
4.16503	6.06845	2838549043.941551
4.16336	5.99441	2841746557.7627835
4.16169	5.87519	2844948301.608927
4.16002	5.73115	2848154281.5620203
4.15835	5.58793	2851364503.7125196
4.15669	5.47027	2854559713.177908
4.15502	5.39745	2857778412.5345917
4.15336	5.38016	2860982060.5215497
4.15169	5.41992	2864209261.40086
4.15003	5.50955	2867421372.113467
4.14837	5.63487	2870637710.543025
4.14671	5.77675	2873858282.729064
4.14506	5.91358	2877063655.435514
4.1434	6.02399	2880292687.690557
4.14175	6.09001	2883506481.476584
4.14009	6.09975	2886743997.9119005
4.13844	6.04969	2889966236.7761707
4.13679	5.94562	2893192694.406244
4.13514	5.80168	2896423376.7899337
4.13349	5.63788	2899658289.9231586
4.13185	5.47599	2902877795.8256545
4.1302	5.33522	2906121162.7463417
4.12855	5.22836	2909368778.416548
4.12691	5.15938	2912600927.7317038
4.12527	5.123	2915837286.335372
4.12363	5.10683	2919077860.162915
4.12199	5.09555	2922322655.15765
4.12035	5.07628	2925571677.2708516
4.11872	5.04337	2928805082.7008348
4.11708	5.0011	2932062551.070771
4.11545	4.96271	2935304363.053189
4.11382	4.94613	2938550374.283372
4.11219	4.96743	2941800590.643456
4.11056	5.03442	2945055018.023387
4.10893	5.14296	2948313662.3209276
4.1073	5.27764	2951576529.441645
4.10567	5.41666	2954843625.298938
4.10405	5.53952	2958094873.379596
4.10242	5.63374	2961370418.447572
4.1008	5.6986	2964630075.6240997
4.09918	5.74385	2967893933.1795278
4.09756	5.78468	2971161996.9574394
4.09595	5.83498	2974414060.643506
4.09433	5.90175	2977690528.3731756
4.09271	5.98316	2980971219.8658357
4.0911	6.07019	2984235850.7189384
4.08948	6.15101	2987524981.2046723
4.08787	6.21584	2990798010.5849442
4.08626	6.25985	2994075234.925189
4.08465	6.28374	2997356660.0215983
4.08304	6.29256	3000642291.6778703
4.08144	6.29348	3003911688.8788157
4.07983	6.29496	3007205724.8780894
4.07823	6.30682	3010483485.721994
4.07662	6.34103	3013785949.2246566
4.07502	6.41139	3017072096.757721
4.07342	6.53159	3020362433.196915
4.07182	6.71112	3023656964.290061
4.07022	6.9511	3026955695.7923517
4.06863	7.24177	3030237977.03185
4.06703	7.56329	3033545100.304925
4.06544	7.89034	3036835732.2700396
4.06384	8.19835	3040151270.278779
4.06225	8.4698	3043450275.819935
4.06066	8.69793	3046753463.575602
4.05907	8.88682	3050060839.244302
4.05748	9.04863	3053372408.53177
4.0559	9.19928	3056667310.1260037
4.05431	9.35445	3059987257.332339
4.05273	9.52757	3063290495.4582167
4.05114	9.72973	3066618843.3490286
4.04956	9.97055	3069930440.657458
4.04798	10.25863	3073246212.8484483
4.0464	10.60132	3076566165.57028
4.04482	11.00344	3079890304.478306
4.04325	11.46615	3083197556.657178
4.04167	11.9868	3086530058.347513
4.0401	12.56039	3089845631.582637
4.03852	13.18186	3093186518.6179233
4.03695	13.84824	3096510435.3570247
4.03538	14.55972	3099838519.004103
4.03381	15.31905	3103170775.1562953
4.03224	16.13012	3106507209.417658
4.03068	16.99663	3109826536.3267293
4.02911	17.92161	3113171316.9448047
4.02755	18.90821	3116498948.149094
4.02598	19.96061	3119852097.479949
4.02442	21.08409	3123188055.220409
4.02286	22.28375	3126528171.2496233
4.0213	23.56142	3129872451.112685
4.01974	24.91259	3133220900.3614726
4.01818	26.32421	3136573524.554617
4.01663	27.77466	3139908797.953708
4.01507	29.23554	3143269761.88699
4.01352	30.674	3146613332.57505
4.01197	32.05395	3149961046.8006873
4.01041	33.33547	3153334548.4558783
4.00886	34.47283	3156690593.0411906
4.00731	35.41377	3160050797.676169
4.00577	36.10162	3163393448.8898425
4.00422	36.48181	3166761963.219426
4.00268	36.51175	3170112881.405784
4.00113	36.17122	3173489727.3625507
3.99959	35.46937	3176848934.3387647
3.99805	34.44603	3180212280.460027
3.99651	33.16562	3183579771.1648283
3.99497	31.70565	3186951411.8981194
3.99343	30.14362	3190327208.111336
3.99189	28.5459	3193707165.2623844
3.99035	26.96252	3197091288.8156447
3.98882	25.42795	3200457568.8548055
3.98729	23.96597	3203827972.1340885
3.98575	22.59534	3207224573.387396
3.98422	21.3327	3210603266.3234825
3.98269	20.19155	3213986098.686799
3.98116	19.17875	3217373075.8739815
3.97964	18.29094	3220742025.570678
3.97811	17.51389	3224137281.4422174
3.97658	16.82579	3227536698.330085
3.97506	16.20332	3230918022.4750047
3.97354	15.62789	3234303464.0953755
3.97201	15.08904	3237715341.94869
3.97049	14.58377	3241109061.6885796
3.96898	14.11223	3244484547.126582
3.96746	13.67222	3247886511.997017
3.96594	13.25592	3251292621.0479097
3.96442	12.84993	3254702879.638792
3.96291	12.43933	3258094816.299499
3.96139	12.0133	3261513362.6858773
3.95988	11.5698	3264913543.226152
3.95837	11.1171	3268317840.034847
3.95686	10.67147	3271726258.39662
3.95535	10.25227	3275138803.6021624
3.95384	9.87615	3278555480.9481955
3.95234	9.55284	3281953627.7138724
3.95083	9.28359	3285378557.802232
3.94933	9.06199	3288784913.139714
3.94782	8.87684	3292218117.0889397
3.94632	8.71513	3295632702.000641
3.94482	8.56474	3299051395.884869
3.94332	8.41645	3302474203.9750733
3.94182	8.2655	3305901131.5105767
3.94032	8.11241	3309332183.736583
3.93883	7.96346	3312744451.003474
3.93733	7.82963	3316183740.7842245
3.93584	7.7244	3319604201.0689034
3.93434	7.66	3323051749.315551
3.93285	7.6436	3326480423.412914
3.93136	7.67434	3329913198.458881
3.92987	7.74252	3333350079.6346855
3.92838	7.83132	3336791072.1273026
3.9269	7.92057	3340213045.859913
3.92541	7.99138	3343662248.890181
3.92392	8.02997	3347115578.797617
3.92244	8.02991	3350549822.564626
3.92096	7.99213	3353988148.2518044
3.91948	7.92313	3357430560.9760127
3.91799	7.83265	3360900366.984788
3.91651	7.73156	3364350996.8577867
3.91504	7.63034	3367782372.623137
3.91356	7.53812	3371241184.7757134
3.91208	7.4616	3374704109.63337
3.91061	7.40402	3378147712.5530233
3.90913	7.36435	3381618850.402024
3.90766	7.33737	3385070620.998433
3.90619	7.31469	3388526469.1987243
3.90472	7.28722	3391986400.071379
3.90325	7.24758	3395450418.690308
3.90178	7.19196	3398918530.1348505
3.90031	7.12096	3402390739.489799
3.89885	7.03867	3405843389.589718
3.89738	6.95137	3409323782.078121
3.89592	6.86607	3412784569.702471
3.89445	6.78972	3416273165.589995
3.89299	6.72918	3419742110.887967
3.89153	6.69121	3423215128.636691
3.89007	6.682	3426692223.8550434
3.88861	6.70569	3430173401.5671997
3.88716	6.76252	3433634781.209054
3.8857	6.8475	3437124110.9541206
3.88424	6.95055	3440617538.262695
3.88279	7.0591	3444091098.5305014
3.88134	7.16191	3447568710.3469334
3.87988	7.25318	3451074404.2661915
3.87843	7.33463	3454560162.070233
3.87698	7.41484	3458049986.3304906
3.87553	7.50565	3461543882.0150714
3.87409	7.61689	3465017716.1809015
3.87264	7.7519	3468519741.474526
3.87119	7.90573	3472025853.0932536
3.86975	8.06661	3475511833.707585
3.86831	8.22068	3479001854.2894773
3.86687	8.35697	3482495919.735074
3.86542	8.4718	3486018341.58307
3.86398	8.56987	3489520539.639119
3.86254	8.66275	3493026797.311431
3.86111	8.76499	3496512728.2524204
3.85967	8.88948	3500027091.633689
3.85823	9.04347	3503545529.3604965
3.8568	9.22635	3507043570.3632245
3.85537	9.42925	3510545639.0166755
3.85393	9.63668	3514076272.5591087
3.8525	9.82948	3517586439.2855086
3.85107	9.98862	3521100648.2275925
3.84964	10.09929	3524618904.2387757
3.84821	10.15459	3528141212.177326
3.84678	10.15809	3531667576.906356
3.84536	10.12445	3535173300.883885
3.84393	10.0772	3538707765.3483944
3.84251	10.04421	3542221542.034525
3.84109	10.05128	3545739338.1329546
3.83966	10.11609	3549285974.2613587
3.83824	10.24411	3552811851.935559
3.83682	10.42818	3556341763.4262767
3.8354	10.65162	3559875713.533104
3.83399	10.89401	3563388777.4646573
3.83257	11.13739	3566930790.6957994
3.83115	11.37109	3570476856.936114
3.82974	11.59363	3574001965.931541
3.82832	11.8117	3577556124.022887
3.82691	12.03653	3581089277.3999004
3.8255	12.27931	3584626445.866018
3.82409	12.54693	3588167634.1568274
3.82268	12.83919	3591712847.0124593
3.82127	13.14826	3595262089.177618
3.81986	13.45994	3598815365.401555
3.81846	13.75708	3602347437.021836
3.81705	14.02394	3605908766.934728
3.81565	14.25097	3609448844.5123653
3.81424	14.43892	3613018247.030847
3.81284	14.60069	3616566349.366186
3.81144	14.76021	3620118456.829261
3.81004	14.94763	3623674574.1000476
3.80864	15.19211	3627234705.862935
3.80724	15.5137	3630798856.8067265
3.80585	15.91749	3634341530.382259
3.80445	16.39224	3637913704.979719
3.80305	16.91469	3641489912.8173394
3.80166	17.45793	3645044571.088018
3.80027	18.0013	3648603214.4368606
3.79888	18.53772	3652165847.4787045
3.79748	19.07595	3655758148.504846
3.7961	19.63648	3659303101.1220627
3.79471	20.2426	3662877730.974588
3.79332	20.90998	3666456369.022127
3.79193	21.63864	3670039019.900852
3.79055	22.41105	3673599870.5233727
3.78916	23.19684	3677190532.0373173
3.78778	23.96329	3680759344.825056
3.78639	24.68716	3684358035.436335
3.78501	25.36388	3687934828.7352815
3.78363	26.01039	3691515604.74162
3.78225	26.6606	3695100368.021211
3.78087	27.35481	3698689123.1440268
3.77949	28.12645	3702281874.6841736
3.77812	28.99069	3705852549.39343
3.77674	29.93827	3709453278.464577
3.77537	30.93683	3713031881.9330916
3.77399	31.93891	3716640606.7482
3.77262	32.89356	3720227157.0730867
3.77125	33.75792	3723817673.140899
3.76988	34.50502	3727412159.4550643
3.76851	35.12591	3731010620.5229893
3.76714	35.62688	3734613060.8560586
3.76577	36.02333	3738219484.969626
3.7644	36.33358	3741829897.3830276
3.76304	36.57397	3745417905.6227126
3.76167	36.75691	3749036279.0154963
3.76031	36.89083	3752632199.052039
3.75895	36.98117	3756232067.165751
3.75758	37.03066	3759862401.1273246
3.75622	37.03855	3763470207.832208
3.75486	36.99891	3767081975.9797134
3.7535	36.90004	3770697710.0217867
3.75215	36.72602	3774290784.440377
3.75079	36.46131	3777914434.399916
3.74943	36.09722	3781542063.6
3.74808	35.638	3785146958.922637
3.74672	35.10382	3788782530.668125
3.74537	34.5287	3792395318.949998
3.74402	33.95326	3796012045.7340226
3.74267	33.41443	3799632715.4044585
3.74132	32.93541	3803257332.349258
3.73997	32.51957	3806885900.9600577
3.73862	32.15108	3810518425.6321893
3.73727	31.80212	3814154910.7646623
3.73593	31.44404	3817768379.877258
3.73458	31.05825	3821412769.7239857
3.73324	30.64239	3825034093.68376
3.73189	30.20984	3828686405.754387
3.73055	29.7832	3832315601.955699
3.72921	29.38451	3835948726.1448903
3.72787	29.02658	3839585782.648978
3.72653	28.70893	3843226775.7985263
3.72519	28.41984	3846871709.927645
3.72385	28.14317	3850520589.3739824
3.72252	27.86661	3854146143.921808
3.72118	27.58757	3857802897.506111
3.71985	27.31463	3861436275.9934735
3.71851	27.06417	3865100920.9791
3.71718	26.85461	3868742140.5543723
3.71585	26.7001	3872387272.397062
3.71452	26.60704	3876036320.772491
3.71319	26.57388	3879689289.94937
3.71186	26.59375	3883346184.1998386
3.71053	26.65825	3887007007.799416
3.7092	26.76038	3890671765.0270314
3.70788	26.89528	3894312861.2875443
3.70655	27.05906	3897985468.9649897
3.70523	27.24652	3901634365.0958147
3.7039	27.44931	3905314840.2506003
3.70258	27.65556	3908971553.1644826
3.70126	27.85159	3912632166.0398765
3.69994	28.0246	3916296683.0829616
3.69862	28.1657	3919965108.5031786
3.6973	28.27177	3923637446.513232
3.69598	28.34553	3927313701.3290854
3.69467	28.39394	3930965982.299541
3.69335	28.42511	3934650053.6352525
3.69204	28.44534	3938310100.230239
3.69072	28.45714	3942002004.8607087
3.68941	28.45913	3945669833.740744
3.6881	28.44808	3949341545.1920223
3.68679	28.42183	3953017143.357495
3.68548	28.3824	3956696632.3832216
3.68417	28.33745	3960380016.4184
3.68286	28.29935	3964067299.6153345
3.68155	28.28205	3967758486.1294417
3.68025	28.29686	3971425358.484252
3.67894	28.34896	3975124334.2357955
3.67763	28.43638	3978827225.757598
3.67633	28.55187	3982505726.0889
3.67503	28.68692	3986188090.8163824
3.67373	28.83611	3989874324.019132
3.67243	28.99944	3993564429.7792134
3.67113	29.18106	3997258412.181684
3.66983	29.38511	4000956275.3145714
3.66853	29.61016	4004658023.268889
3.66723	29.84557	4008363660.1386003
3.66594	30.07174	4012044640.3070765
3.66464	30.26521	4015758037.3079295
3.66335	30.40676	4019446725.991356
3.66205	30.48925	4023167899.408683
3.66076	30.52183	4026864312.7786994
3.65947	30.52815	4030564579.6198397
3.65818	30.5393	4034268703.9524326
3.65689	30.58411	4037976689.79965
3.6556	30.68102	4041688541.1875024
3.65431	30.83461	4045404262.1448293
3.65302	31.03832	4049123856.703298
3.65174	31.28113	4052818449.848471
3.65045	31.55492	4056545773.6094975
3.64917	31.85842	4060248043.9936996
3.64788	32.1961	4063983112.992652
3.6466	32.57294	4067693076.537966
3.64532	32.98783	4071406877.6432505
3.64404	33.42982	4075124520.2662807
3.64276	33.8791	4078846008.3675127
3.64148	34.313	4082571345.9101157
3.6402	34.71383	4086300536.859941
3.63892	35.07503	4090033585.185532
3.63765	35.40259	4093741285.2755218
3.63637	35.71087	4097482030.0557675
3.6351	36.01528	4101197374.29868
3.63382	36.32548	4104945831.31576
3.63255	36.64282	4108668835.3809347
3.63128	36.96288	4112395660.1897826
3.63001	37.28196	4116126309.636704
3.62874	37.60362	4119860787.6186905
3.62747	37.94203	4123599098.035273
3.6262	38.31976	4127341244.788551
3.62493	38.76071	4131087231.7831564
3.62367	39.2811	4134807521.6713905
3.6224	39.88239	4138561170.557792
3.62114	40.54935	4142289069.7073345
3.61987	41.25412	4146050396.011484
3.61861	41.96454	4149785919.835932
3.61735	42.65338	4153525246.6851172
3.61608	43.30515	4157298103.0364413
3.61482	43.91859	4161045077.687415
3.61357	44.50477	4164766083.69654
3.61231	45.08257	4168520660.9722347
3.61105	45.67356	4172279060.4485383
3.60979	46.29786	4176041285.967861
3.60854	46.97175	4179777436.9589868
3.60728	47.70613	4183547295.6595626
3.60603	48.50582	4187291026.8263297
3.60477	49.36839	4191068533.9844704
3.60352	50.28388	4194819860.4913015
3.60227	51.23539	4198574975.200274
3.60102	52.20159	4202333881.87925
3.59977	53.16107	4206096584.2983875
3.59852	54.09693	4209863086.2301126
3.59727	55.00078	4213633391.4491343
3.59602	55.87361	4217407503.732427
3.59478	56.72332	4221155188.3428254
3.59353	57.55924	4224936895.562617
3.59229	58.38589	4228692121.794789
3.59104	59.19802	4232481438.965143
3.5898	59.97919	4236244221.721844
3.58856	60.70456	4240010773.1311545
3.58732	61.34701	4243781096.895403
3.58608	61.88488	4247555196.719071
3.58484	62.30865	4251333076.3087845
3.5836	62.62443	4255114739.373307
3.58236	62.85298	4258900189.6235394
3.58112	63.0245	4262689430.7725167
3.57989	63.17074	4266451862.349951
3.57865	63.31708	4270248665.797385
3.57742	63.47661	4274018606.004268
3.57618	63.64862	4277822986.5078497
3.57495	63.82086	4281600449.991102
3.57372	63.97524	4285381665.3513074
3.57249	64.09468	4289166636.2267017
3.57126	64.16882	4292955366.2575274
3.57003	64.19695	4296747859.086033
3.5688	64.18752	4300544118.35647
3.56757	64.15474	4304344147.715081
3.56635	64.11392	4308117010.356241
3.56512	64.07745	4311924560.112705
3.56389	64.05272	4315735890.878283
3.56267	64.04218	4319519973.838991
3.56145	64.04501	4323307783.741529
3.56022	64.05882	4327130417.779726
3.559	64.08034	4330925722.898432
3.55778	64.10507	4334724765.702551
3.55656	64.1264	4338527549.767283
3.55534	64.13575	4342334078.669709
3.55412	64.12432	4346144355.988758
3.55291	64.08694	4349927107.509185
3.55169	64.02601	4353744861.607712
3.55047	63.95412	4357566374.841397
3.54926	63.893	4361360280.771343
3.54804	63.86837	4365189292.15014
3.54683	63.90219	4368990641.826002
3.54562	64.0048	4372795703.328302
3.54441	64.17044	4376604480.162958
3.54319	64.37812	4380448499.570243
3.54198	64.59763	4384264748.372176
3.54078	64.79848	4388053137.746366
3.53957	64.95858	4391876811.004422
3.53836	65.06923	4395704217.150475
3.53715	65.13521	4399535359.700825
3.53595	65.17024	4403338533.59382
3.53474	65.19005	4407177128.55651
3.53354	65.20628	4410987700.196964
3.53233	65.22352	4414833761.541364
3.53113	65.24032	4418651744.789807
3.52993	65.25308	4422473423.638527
3.52873	65.26071	4426298801.52883
3.52753	65.26773	4430127881.90363
3.52633	65.28453	4433960668.207452
3.52513	65.32473	4437797163.886405
3.52393	65.40086	4441637372.388184
3.52273	65.52028	4445481297.162062
3.52154	65.68264	4449296862.575594
3.52034	65.88012	4453148199.207061
3.51915	66.09953	4456971121.504565
3.51795	66.32584	4460829883.694568
3.51676	66.54583	4464660176.468895
3.51557	66.75082	4468494144.134904
3.51438	66.93051	4472331790.066899
3.51319	67.11105	4476173117.640683
3.512	67.27671	4480018130.2335
3.51081	67.44313	4483866831.224079
3.50962	67.61556	4487719223.992593
3.50843	67.79372	4491575311.92066
3.50725	67.97112	4495402647.79205
3.50606	68.13714	4499266105.067109
3.50488	68.28143	4503100755.015407
3.50369	68.39912	4506971595.067513
3.50251	68.49456	4510813572.415482
3.50133	68.5818	4514659202.976022
3.50015	68.68094	4518508490.05587
3.49897	68.81162	4522361436.963098
3.49779	68.98565	4526218047.007118
3.4966	69.20251	4530111053.383173
3.49543	69.44944	4533942269.749861
3.49425	69.7068	4537809889.074033
3.49307	69.95662	4541681184.7859
3.4919	70.19095	4545523305.957672
3.49072	70.41641	4549401933.168236
3.48955	70.6527	4553251330.23134
3.48837	70.92567	4557137302.102629
3.4872	71.25787	4560993988.112573
3.48603	71.6606	4564854307.9586935
3.48486	72.13063	4568718264.880836
3.48369	72.65238	4572585862.120052
3.48251	73.20379	4576490206.159995
3.48135	73.76328	4580331990.519919
3.48018	74.31469	4584210528.168665
3.47901	74.84884	4588092719.110653
3.47784	75.36176	4591978566.59288
3.47668	75.85144	4595834814.6960335
3.47551	76.31498	4599727953.682597
3.47435	76.74793	4603591437.3588085
3.47319	77.14582	4607458528.061076
3.47202	77.49776	4611362612.775204
3.47086	77.79466	4615236958.204309
3.4697	78.07412	4619114920.20021
3.46854	78.35733	4622996501.936213
3.46738	78.66213	4626881706.58669
3.46622	78.99882	4630770537.327081
3.46506	79.33369	4634662997.333873
3.46391	79.66805	4638525487.249597
3.46275	80.02327	4642425183.967694
3.46159	80.40242	4646328519.460517
3.46044	80.80983	4650201800.496843
3.45928	81.24988	4654112391.644829
3.45813	81.72435	4657992872.042713
3.45698	82.23009	4661876941.204382
3.45583	82.75807	4665764602.232804
3.45467	83.29445	4669689711.015949
3.45352	83.81308	4673584596.391884
3.45237	84.23873	4677483082.976227
3.45122	84.65134	4681385173.87575
3.45008	85.05394	4685256894.047072
3.44893	85.44784	4689166171.491597
3.44778	85.82926	4693079062.550053
3.44664	86.18731	4696961498.146388
3.44549	86.50427	4700881594.274586
3.44435	86.75835	4704771178.403704
3.4432	86.92278	4708698491.942336
3.44206	86.96194	4712595236.841059
3.44092	86.90651	4716495551.0539465
3.43978	86.75583	4720399437.616055
3.43864	86.51687	4724306899.56325
3.4375	86.20351	4728217939.932224
3.43636	85.83461	4732132561.760458
3.43522	85.43089	4736050768.086233
3.43408	85.0114	4739972561.948619
3.43295	84.59034	4743863497.57186
3.43181	84.17502	4747792444.091613
3.43068	83.76617	4751690475.605489
3.42954	83.36025	4755626586.841631
3.42841	82.95364	4759531726.202347
3.42727	82.54682	4763475014.219854
3.42614	82.14751	4767387273.389445
3.42501	81.77099	4771303081.242295
3.42388	81.43759	4775222440.744731
3.42275	81.16803	4779145354.86376
3.42162	80.97869	4783071826.567076
3.42049	80.87856	4787001858.823026
3.41936	80.86902	4790935454.600633
3.41824	80.94566	4794837759.075667
3.41711	81.10094	4798778459.205052
3.41599	81.26908	4802687810.998178
3.41486	81.46641	4806635627.258191
3.41374	81.74321	4810552038.046484
3.41261	82.0897	4814506982.220905
3.41149	82.48717	4818430463.686261
3.41037	82.91186	4822357469.1337805
3.40925	83.34151	4826288001.459771
3.40813	83.76176	4830222063.561107
3.40701	84.11652	4834159658.335205
3.40589	84.47948	4838100788.680038
3.40477	84.87579	4842045457.4941025
3.40365	85.31795	4845993667.676442
3.40254	85.80774	4849910122.914856
3.40142	86.33557	4853865392.848931
3.40031	86.88426	4857788850.503213
3.39919	87.43551	4861751191.687923
3.39808	87.97636	4865681663.156243
3.39696	88.50278	4869651087.094377
3.39585	88.99945	4873588583.778697
3.39474	89.48502	4877529581.57075
3.39363	89.9788	4881474083.296869
3.39252	90.49626	4885422091.783818
3.39141	91.04943	4889373609.858783
3.3903	91.64339	4893328640.349362
3.38919	92.27437	4897287186.083569
3.38809	92.92954	4901213539.908502
3.38698	93.52605	4905179092.88312
3.38587	94.10731	4909148169.562262
3.38477	94.67673	4913084967.806783
3.38366	95.22501	4917061068.575296
3.38256	95.73739	4921004833.187884
3.38146	96.06118	4924952069.368048
3.38036	96.27932	4928902779.870931
3.37925	96.40799	4932892930.568854
3.37815	96.46291	4936850629.631343
3.37705	96.46058	4940811811.308902
3.37595	96.41411	4944776478.35791
3.37486	96.33077	4948708543.677818
3.37376	96.21191	4952680157.992247
3.37266	96.05531	4956655265.923877
3.37156	95.85851	4960633870.23018
3.37047	95.62187	4964579756.959739
3.36937	95.34968	4968565330.441048
3.36828	95.04881	4972518128.405941
3.36719	94.72538	4976474370.247471
3.36609	94.38073	4980470402.029554
3.365	94.00864	4984433571.333758
3.36391	93.59506	4988400192.592168
3.36282	93.12132	4992370268.48948
3.36173	92.56998	4996343801.710584
3.36064	91.93146	5000320794.940533
3.35955	91.20913	5004301250.864557
3.35846	90.27355	5008285172.168025
3.35738	89.32217	5012235964.211927
3.35629	88.41121	5016226792.477054
3.3552	87.57474	5020221094.1539755
3.35412	86.82584	5024182179.261072
3.35303	86.15323	5028183403.891789
3.35195	85.52435	5032151353.713508
3.35087	84.8942	5036122724.006726
3.34978	84.21787	5040134337.029426
3.3487	83.43167	5044112587.836547
3.34762	82.57599	5048094266.978763
3.34654	81.69464	5052079377.069351
3.34546	80.75513	5056067920.721618
3.34438	79.81567	5060059900.548928
3.34331	78.93329	5064018308.767001
3.34223	78.14097	5068017136.907781
3.34115	77.45302	5072019409.039654
3.34007	76.86528	5076025127.776072
3.339	76.36009	5079997157.976272
3.33792	75.91366	5084009745.7887125
3.33685	75.50226	5087988586.593003
3.33578	75.10576	5091970820.684826
3.33471	74.66823	5095956450.605623
3.33363	74.11869	5099982775.571696
3.33256	73.57424	5103975236.57078
3.33149	73.04203	5107971101.046617
3.33042	72.529	5111970371.540434
3.32935	72.04207	5115973050.593382
3.32828	71.58773	5119979140.7465105
3.32722	71.11701	5123951156.732406
3.32615	70.5403	5127964044.770034
3.32508	69.99841	5131980351.506706
3.32402	69.50166	5135962496.086387
3.32295	69.05104	5139985615.833245
3.32189	68.6405	5143974514.736605
3.32082	68.26096	5148004457.560422
3.31976	67.90487	5152000120.759578
3.3187	67.56894	5155999153.943794
3.31764	67.25432	5160001559.582282
3.31658	66.96402	5164007340.14407
3.31551	66.69956	5168054336.432127
3.31446	66.45908	5172029035.912781
3.3134	66.23786	5176044956.056835
3.31234	66.03049	5180064260.998428
3.31128	65.83293	5184086953.205605
3.31022	65.64337	5188113035.146172
3.30917	65.46201	5192104479.523082
3.30811	65.29068	5196137316.296242
3.30706	65.13273	5200135456.622779
3.306	64.99316	5204175058.003998
3.30495	64.87921	5208179903.962386
3.3039	64.80032	5212188090.453845
3.30284	64.76708	5216237840.9953785
3.30179	64.78745	5220252747.615042
3.30074	64.86098	5224271001.980322
3.29969	64.80952	5228292606.487195
3.29864	64.73372	5232317563.531323
3.29759	64.6828	5236345875.508064
3.29654	64.65626	5240377544.812431
3.2955	64.65158	5244374129.137428
3.29445	64.66752	5248412488.249296
3.2934	64.70607	5252454211.848988
3.29236	64.77184	5256460761.771314
3.29131	64.86933	5260509189.427525
3.29027	64.99536	5264522384.253705
3.28923	65.04884	5268538889.133433
3.28818	65.13639	5272597374.565692
3.28714	65.24216	5276620538.408706
3.2861	65.35321	5280647019.299578
3.28506	65.46453	5284676819.561482
3.28402	65.57981	5288709941.517176
3.28298	65.70762	5292746387.488991
3.28194	65.85488	5296786159.798808
3.2809	66.02045	5300829260.768073
3.27986	66.19175	5304875692.71777
3.27883	66.34627	5308886502.039212
3.27779	66.45707	5312939570.826549
3.27676	66.45712	5316956957.720818
3.27572	66.36079	5321016672.535068
3.27469	66.19266	5325040646.101168
3.27365	65.96035	5329107016.127702
3.27262	65.6813	5333137585.460692
3.27159	65.37945	5337171440.132764
3.27056	65.07987	5341208582.394245
3.26952	64.80318	5345288258.123586
3.26849	64.50579	5349332014.285796
3.26746	64.22279	5353379064.807034
3.26643	63.97579	5357429411.935455
3.26541	63.76064	5361443686.266876
3.26438	63.57031	5365500601.291594
3.26335	63.39839	5369560819.642783
3.26232	63.24187	5373624343.566326
3.2613	63.10224	5377651675.595552
3.26027	62.98464	5381721785.251709
3.25925	62.8945	5385755643.476498
3.25822	62.83259	5389832347.754561
3.2572	62.79055	5393872740.975479
3.25618	62.74964	5397916389.032678
3.25516	62.68399	5401963294.103027
3.25414	62.56801	5406013458.362764
3.25311	62.38558	5410106639.605416
3.25209	62.13775	5414163360.776297
3.25108	61.84624	5418183528.030914
3.25006	61.55071	5422246750.797518
3.24904	61.29979	5426313243.62483
3.24802	61.13866	5430383008.68509
3.247	61.09684	5434456048.14983
3.24599	61.18055	5438492384.395964
3.24497	61.37199	5442571947.02633
3.24396	61.63485	5446614746.74042
3.24294	61.92329	5450700841.129095
3.24193	62.1907	5454750112.81672
3.24092	62.39627	5458802607.717141
3.2399	62.50957	5462898499.711436
3.23889	62.51332	5466957479.311823
3.23788	62.4059	5471019688.45353
3.23687	62.20267	5475085129.237606
3.23586	61.935	5479153803.764348
3.23485	61.64597	5483225714.133256
3.23384	61.38292	5487300862.443044
3.23283	61.18806	5491379250.79164
3.23183	61.08967	5495420453.195058
3.23082	61.09552	5499505295.78041
3.22981	61.19077	5503593384.672717
3.22881	61.3413	5507644197.747798
3.2278	61.5025	5511738753.343736
3.2268	61.63097	5515795973.20007
3.2258	61.69613	5519856383.566192
3.22479	61.6872	5523960638.630102
3.22379	61.61421	5528027468.060118
3.22279	61.50329	5532097494.106887
3.22179	61.38828	5536170718.797572
3.22079	61.30142	5540247144.158473
3.21979	61.26525	5544326772.215002
3.21879	61.28722	5548409604.991674
3.21779	61.35804	5552495644.51212
3.21679	61.45347	5556584892.7990465
3.21579	61.53919	5560677351.874252
3.2148	61.57793	5564732051.129724
3.2138	61.53759	5568830905.68486
3.2128	61.39906	5572932977.067865
3.21181	61.16196	5576997198.45458
3.21082	60.84576	5581064576.589335
3.20982	60.4852	5585176246.082967
3.20883	60.12025	5589249975.517373
3.20784	59.7838	5593326867.585411
3.20684	59.49202	5597448153.08479
3.20585	59.24112	5601531408.274384
3.20486	59.01232	5605617831.974456
3.20387	58.78202	5609707426.135407
3.20288	58.53344	5613800192.706654
3.20189	58.26541	5617896133.636583
3.2009	57.99509	5621995250.872579
3.19992	57.75366	5626056093.136721
3.19893	57.57599	5630161536.68992
3.19794	57.48805	5634270162.365473
3.19696	57.49629	5638340422.749731
3.19597	57.58274	5642455386.306995
3.19499	57.70735	5646531924.359265
3.194	57.81642	5650653233.484377
3.19302	57.85521	5654736056.80892
3.19204	57.78192	5658822009.646815
3.19106	57.57919	5662911093.876688
3.19007	57.25942	5667045084.853189
3.18909	56.86101	5671140469.499554
3.18811	56.43659	5675238991.186432
3.18713	56.03722	5679340651.788079
3.18615	55.6991	5683445453.177628
3.18518	55.43612	5687511463.554055
3.1842	55.23931	5691622520.0378685
3.18322	55.08172	5695736722.9031725
3.18224	54.92716	5699854074.018584
3.18127	54.74091	5703932513.406316
3.18029	54.50001	5708056134.450584
3.17932	54.20014	5712140783.444034
3.17834	53.85706	5716270681.801655
3.17737	53.50258	5720361547.705338
3.1764	53.17651	5724455508.840923
3.17542	52.91667	5728594820.860455
3.17445	52.74913	5732695009.826727
3.17348	52.68176	5736798299.451801
3.17251	52.7025	5740904691.53608
3.17154	52.78302	5745014187.878735
3.17057	52.88621	5749126790.277725
3.1696	52.97551	5753242500.529815
3.16863	53.0235	5757361320.430501
3.16766	53.01753	5761483251.774052
3.1667	52.96092	5765565754.232479
3.16573	52.86965	5769693881.716738
3.16476	52.76589	5773825126.00067
3.1638	52.67066	5777916850.660304
3.16283	52.59811	5782054301.731987
3.16187	52.55289	5786152172.693233
3.16091	52.53118	5790253103.4879
3.15994	52.52456	5794399861.883654
3.15898	52.52462	5798506949.45056
3.15802	52.52618	5802617102.053327
3.15706	52.528	5806730321.417518
3.1561	52.53041	5810846609.267393
3.15514	52.53159	5814965967.325909
3.15418	52.52433	5819088397.314687
3.15322	52.49511	5823213900.954044
3.15226	52.42672	5827342479.96293
3.1513	52.30335	5831474136.058968
3.15034	52.11771	5835608870.958403
3.14939	51.87683	5839703568.249109
3.14843	51.60495	5843844433.783245
3.14747	51.34061	5847988383.243487
3.14652	51.12795	5852092204.148864
3.14557	51.00423	5856199048.398289
3.14461	50.9881	5860352195.522995
3.14366	51.07321	5864465123.292844
3.14271	51.22955	5868581079.385409
3.14175	51.4118	5872743439.320725
3.1408	51.57125	5876865488.930891
3.13985	51.66784	5880990571.829899
3.1389	51.67901	5885118689.664502
3.13795	51.60318	5889249844.080053
3.137	51.45779	5893384036.720461
3.13605	51.27218	5897521269.228193
3.13511	51.07822	5901617945.5674305
3.13416	50.9019	5905761230.689762
3.13321	50.75846	5909907560.580863
3.13227	50.65224	5914013243.361552
3.13132	50.5802	5918165635.605456
3.13037	50.53633	5922321077.50636
3.12943	50.51494	5926435781.187899
3.12849	50.51113	5930553473.838713
3.12754	50.51982	5934718010.174417
3.1266	50.53466	5938841717.33659
3.12566	50.54785	5942968418.215057
3.12472	50.55022	5947098114.383587
3.12377	50.5319	5951274788.349934
3.12283	50.48353	5955410511.720555
3.12189	50.39898	5959549235.110203
3.12095	50.27844	5963690960.086572
3.12002	50.13031	5967791579.553642
3.11908	49.9706	5971939280.427084
3.11814	49.82023	5976089987.564454
3.1172	49.70111	5980243702.527261
3.11627	49.63244	5984356190.561136
3.11533	49.62748	5988515893.813531
3.11439	49.69111	5992678609.549846
3.11346	49.81763	5996800007.18405
3.11252	49.9896	6000968720.463145
3.11159	50.17909	6005096054.876363
3.11066	50.35187	6009226344.066265
3.10972	50.47422	6013404049.102609
3.10879	50.52038	6017540284.155842
3.10786	50.47847	6021679478.496475
3.10693	50.35351	6025821633.619504
3.106	50.1663	6029966751.01832
3.10507	49.94833	6034114832.184684
3.10414	49.73308	6038265878.608744
3.10321	49.54665	6042419891.779002
3.10228	49.40115	6046576873.182301
3.10136	49.29441	6050692077.846836
3.10043	49.21541	6054854968.213848
3.0995	49.15325	6059020831.248544
3.09857	49.10473	6063189668.431107
3.09765	49.0768	6067316607.206592
3.09672	49.08232	6071491365.098918
3.0958	49.13223	6075624163.809431
3.09488	49.22773	6079759878.797912
3.09395	49.35714	6083943512.661658
3.09303	49.49807	6088085096.215874
3.09211	49.62385	6092229600.332515
3.09119	49.71163	6096377026.431213
3.09027	49.74912	6100527375.929889
3.08935	49.73771	6104680650.244763
3.08843	49.69124	6108836850.790338
3.08751	49.63078	6112995978.979379
3.08659	49.57895	6117158036.222928
3.08567	49.55488	6121323023.930277
3.08475	49.57136	6125490943.508964
3.08383	49.63316	6129661796.364754
3.08292	49.73678	6133790200.864818
3.082	49.87112	6137966892.563548
3.08108	50.01982	6142146521.730794
3.08017	50.16459	6146283611.2656975
3.07925	50.28918	6150469087.597182
3.07834	50.38222	6154611963.471765
3.07743	50.43844	6158757718.737202
3.07652	50.45801	6162906354.73999
3.0756	50.445	6167103509.917343
3.07469	50.40642	6171257943.120666
3.07378	50.35246	6175415261.104879
3.07287	50.29695	6179575465.209318
3.07196	50.25607	6183738556.7715025
3.07105	50.24527	6187904537.127133
3.07014	50.27484	6192073407.610085
3.06923	50.347	6196245169.552387
3.06832	50.45503	6200419824.284236
3.06742	50.58453	6204551450.271955
3.06651	50.71615	6208731862.740733
3.0656	50.82975	6212915171.963888
3.0647	50.90981	6217055361.232835
3.06379	50.95037	6221244436.06232
3.06289	50.95758	6225390330.161449
3.06198	50.94778	6229585175.815202
3.06108	50.94144	6233736779.897666
3.06017	50.95458	6237937401.578534
3.05927	50.99101	6242094720.782465
3.05837	51.038	6246254883.6674385
3.05747	51.06755	6250417891.498203
3.05657	51.04395	6254583745.537631
3.05567	50.93555	6258752447.046691
3.05477	50.72737	6262923997.284439
3.05387	50.42941	6267098397.508027
3.05297	50.07663	6271275648.97268
3.05207	49.72029	6275455752.931675
3.05117	49.41312	6279638710.636363
3.05027	49.19494	6283824523.336125
3.04938	49.08396	6287966635.816117
3.04848	49.07638	6292158130.4896345
3.04758	49.15291	6296352483.880771
3.04669	49.28766	6300503045.810486
3.0458	49.45612	6304656405.696405
3.0449	49.63933	6308859279.058242
3.04401	49.82451	6313018269.916167
3.04311	50.00339	6317226839.960993
3.04222	50.17048	6321391466.615987
3.04133	50.32245	6325558897.218086
3.04044	50.45881	6329729132.954205
3.03955	50.58306	6333902175.009294
3.03866	50.70248	6338078024.566312
3.03777	50.8253	6342256682.8062105
3.03688	50.95559	6346438150.907941
3.03599	51.08793	6350622430.04844
3.0351	51.2051	6354809521.402618
3.03421	51.28072	6358999426.143337
3.03332	51.28731	6363192145.441428
3.03244	51.20686	6367340523.977443
3.03155	51.03971	6371538844.237568
3.03066	50.80839	6375739982.542098
3.02978	50.55409	6379896688.911383
3.02889	50.32706	6384103435.094384
3.02801	50.17422	6388265688.599421
3.02713	50.12817	6392430701.686465
3.02624	50.20075	6396645852.405314
3.02536	50.38246	6400816419.392144
3.02448	50.64648	6404989749.314674
3.0236	50.95524	6409165843.282465
3.02271	51.26802	6413392205.332369
3.02183	51.54796	6417573862.1522
3.02095	51.76761	6421758286.346087
3.02007	51.91266	6425945479.015241
3.01919	51.98294	6430135441.258789
3.01832	51.99076	6434280513.913879
3.01744	51.95662	6438475987.091619
3.01656	51.90322	6442674233.115985
3.01568	51.84872	6446875253.077611
3.01481	51.80075	6451031262.075335
3.01393	51.75326	6455237801.621956
3.01305	51.68741	6459447118.352497
3.01218	51.57714	6463611333.022837
3.0113	51.3982	6467826175.775483
3.01043	51.13812	6471995855.781005
3.00956	50.80408	6476168254.404715
3.00868	50.42596	6480391378.362841
3.00781	50.05297	6484569248.610307
3.00694	49.74411	6488749840.592639
3.00607	49.55491	6492933155.340483
3.0052	49.52435	6497119193.882307
3.00433	49.66585	6501307957.244432
3.00345	49.96444	6505547640.337681
3.00259	50.38009	6509693662.523971
3.00172	50.85556	6513890606.483103
3.00085	51.32761	6518090279.345959
2.99998	51.73947	6522292682.127889
2.99911	52.05266	6526497815.842009
2.99825	52.25512	6530657299.70315
2.99738	52.36236	6534867866.893148
2.99651	52.4098	6539081168.029748
2.99565	52.43837	6543248728.390976
2.99478	52.47875	6547467468.977579
2.99392	52.54091	6551640408.222287
2.99305	52.61318	6555864592.211648
2.99219	52.67026	6560042914.238252
2.99133	52.6863	6564223913.543745
2.99046	52.64827	6568456254.254098
2.9896	52.56394	6572642642.144341
2.98874	52.46193	6576831710.188065
2.98788	52.38244	6581023459.335285
2.98702	52.36215	6585217890.533769
2.98616	52.41894	6589415004.729018
2.9853	52.54354	6593614802.864274
2.98444	52.70132	6597817285.880491
2.98358	52.84414	6602022454.716346
2.98272	52.92702	6606230310.308199
2.98187	52.92331	6610391878.33657
2.98101	52.83325	6614605078.971932
2.98015	52.68324	6618820969.147758
2.9793	52.51658	6622990481.063962
2.97844	52.3793	6627211721.799138
2.97759	52.30628	6631386523.863483
2.97673	52.31295	6635613118.805013
2.97588	52.39497	6639793214.612905
2.97502	52.53397	6644025167.389163
2.97417	52.7053	6648210560.517532
2.97332	52.88395	6652398588.142044
2.97247	53.04716	6656589251.139598
2.97161	53.17543	6660831899.010348
2.97076	53.25347	6665027866.405574
2.96991	53.27305	6669226471.800871
2.96906	53.23551	6673427716.063818
2.96821	53.15246	6677631600.059645
2.96736	53.04359	6681838124.651228
2.96651	52.9329	6686047290.699071
2.96567	52.84432	6690209533.011225
2.96482	52.79796	6694423953.442507
2.96397	52.80672	6698641017.887247
2.96312	52.8747	6702860727.196421
2.96228	52.99749	6707033392.070436
2.96143	53.16482	6711258362.510836
2.96059	53.3633	6715436228.270834
2.95974	53.57834	6719666463.177792
2.9589	53.79385	6723849533.110389
2.95805	53.99146	6728085035.80001
2.95721	54.15012	6732273313.172733
2.95637	54.24765	6736464180.068616
2.95552	54.26535	6740707575.002909
2.95468	54.19509	6744903654.194566
2.95384	54.04647	6749102325.312048
2.953	53.85021	6753303589.148263
2.95216	53.65377	6757507446.493704
2.95132	53.51034	6761713898.136472
2.95048	53.46457	6765922944.862203
2.94964	53.54008	6770134587.454116
2.9488	53.73212	6774348826.692966
2.94796	54.00737	6778565663.35706
2.94712	54.31072	6782785098.222245
2.94629	54.57843	6786956854.465331
2.94545	54.75428	6791181457.096395
2.94461	54.80474	6795408660.232024
2.94378	54.72796	6799588094.52136
2.94294	54.55456	6803820469.980228
2.94211	54.33988	6808005016.505805
2.94127	54.1503	6812242567.295359
2.94044	54.04682	6816432229.018976
2.93961	54.07036	6820624434.1223545
2.93877	54.23264	6824869737.990387
2.93794	54.51496	6829067062.688624
2.93711	54.87519	6833266932.940755
2.93628	55.26036	6837469349.463654
2.93545	55.62052	6841674312.971709
2.93462	55.92	6845881824.1768265
2.93379	56.14307	6850091883.788412
2.93296	56.29341	6854304492.513372
2.93213	56.38578	6858519651.05608
2.9313	56.44529	6862737360.118403
2.93047	56.49312	6866957620.399663
2.92964	56.5437	6871180432.596644
2.92881	56.60401	6875405797.403572
2.92799	56.67594	6879582761.540983
2.92716	56.75978	6883813202.865168
2.92633	56.85579	6888046198.858326
2.92551	56.96282	6892230704.254371
2.92468	57.0744	6896468780.835076
2.92386	57.17488	6900658306.9344
2.92304	57.23952	6904850329.154393
2.92221	57.23997	6909096016.227736
2.92139	57.15451	6913293063.095416
2.92057	56.97889	6917492608.032622
2.91974	56.73289	6921745911.540529
2.91892	56.45918	6925950485.023863
2.9181	56.21369	6930157558.502628
2.91728	56.04968	6934367132.611067
2.91646	56.00062	6938579207.980864
2.91564	56.06786	6942793785.241119
2.91482	56.21888	6947010865.018346
2.914	56.39714	6951230447.936475
2.91318	56.5407	6955452534.6168165
2.91236	56.60249	6959677125.678076
2.91155	56.56515	6963852656.6938505
2.91073	56.4459	6968082227.802643
2.90991	56.29066	6972314305.1252575
2.9091	56.15995	6976497232.8983135
2.90828	56.11144	6980734293.888454
2.90747	56.18409	6984922145.731794
2.90665	56.38822	6989164192.771697
2.90584	56.7035	6993356971.028115
2.90502	57.08467	6997604006.478945
2.90421	57.47269	7001801713.47034
2.9034	57.80833	7006001870.5675
2.90258	58.04499	7010256377.699265
2.90177	58.15823	7014461466.967773
2.90096	58.14977	7018669008.03788
2.90015	58.04481	7022879001.467307
2.89934	57.88378	7027091447.811133
2.89853	57.71125	7031306347.621806
2.89772	57.56584	7035523701.449109
2.89691	57.47346	7039743509.840179
2.8961	57.44521	7043965773.339481
2.89529	57.47894	7048190492.488806
2.89448	57.56369	7052417667.827259
2.89368	57.68536	7056595067.231526
2.89287	57.83193	7060827126.214961
2.89206	57.99652	7065061642.982077
2.89125	58.17642	7069298618.061171
2.89045	58.36886	7073485698.29474
2.88964	58.56521	7077727561.206102
2.88884	58.74742	7081919469.945729
2.88803	58.88956	7086166222.74416
2.88723	58.96448	7090362962.008586
2.88643	58.95367	7094562102.277892
2.88562	58.85596	7098816178.513646
2.88482	58.69134	7103020152.289333
2.88402	58.49844	7107226528.53937
2.88322	58.32574	7111435307.7461815
2.88242	58.21872	7115646490.389503
2.88161	58.20678	7119912761.992613
2.88081	58.29417	7124128782.995198
2.88001	58.45814	7128347208.863156
2.87921	58.65554	7132568040.065335
2.87842	58.83506	7136738471.755136
2.87762	58.95135	7140964084.940244
2.87682	58.97637	7145192104.843959
2.87602	58.90584	7149422531.924183
2.87522	58.76022	7153655366.6360445
2.87443	58.57983	7157837654.032707
2.87363	58.41564	7162075275.252658
2.87283	58.31706	7166315305.447343
2.87204	58.31998	7170504699.693144
2.87124	58.43821	7174749519.04049
2.87045	58.66053	7178943643.432297
2.86965	58.95387	7183193253.663957
2.86886	59.27149	7187392109.900796
2.86807	59.5643	7191593317.805112
2.86727	59.7928	7195850102.484958
2.86648	59.93587	7200056044.7361765
2.86569	59.99567	7204264339.885555
2.8649	59.99593	7208474988.336096
2.86411	59.97455	7212687990.488046
2.86332	59.9726	7216903346.738879
2.86253	60.02292	7221121057.483296
2.86174	60.14169	7225341123.113216
2.86095	60.32537	7229563544.017758
2.86016	60.5537	7233788320.583245
2.85937	60.62478	7238015453.19318
2.85858	60.58047	7242244942.228261
2.85779	60.5456	7246476788.066334
2.85701	60.52948	7250657378.844343
2.85622	60.5389	7254893909.565892
2.85543	60.57428	7259132798.202287
2.85465	60.62824	7263320343.711751
2.85386	60.68806	7267563919.41587
2.85308	60.74105	7271756093.36929
2.85229	60.55498	7276004357.565952
2.85151	60.3234	7280201161.358894
2.85072	60.12738	7284454115.450176
2.84994	59.98432	7288655550.455679
2.84916	59.89906	7292859286.821891
2.84837	59.86299	7297119263.389175
2.84759	59.85792	7301327632.980717
2.84681	59.86436	7305538304.920235
2.84603	59.87083	7309751279.52977
2.84525	59.87983	7313966557.128535
2.84447	59.90737	7318184138.032909
2.84369	59.97625	7322404022.556418
2.84291	60.10525	7326626211.009741
2.84213	60.29788	7330850703.700674
2.84135	60.5352	7335077500.934164
2.84057	60.77673	7339306603.012249
2.83979	60.9706	7343538010.234109
2.83902	61.06998	7347717429.938304
2.83824	61.04998	7351953418.771037
2.83746	60.91769	7356191713.62387
2.83669	60.71081	7360377933.5071335
2.83591	60.48427	7364620811.686383
2.83514	60.28975	7368811556.687389
2.83436	60.15794	7373059019.305445
2.83359	60.09205	7377254290.510878
2.83281	60.07488	7381506338.656901
2.83204	60.08264	7385706137.130445
2.83127	60.09719	7389908185.022263
2.83049	60.11115	7394167098.652456
2.82972	60.12531	7398373675.361213
2.82895	60.14117	7402582502.244701
2.82818	60.15335	7406793579.548226
2.82741	60.14663	7411006907.514218
2.82664	60.09933	7415222486.382196
2.82587	59.99188	7419440316.388799
2.8251	59.81633	7423660397.767738
2.82433	59.58296	7427882730.749823
2.82356	59.32181	7432107315.562917
2.82279	59.07748	7436334152.431963
2.82202	58.89692	7440563241.578943
2.82125	58.812	7444794583.222894
2.82049	58.82469	7448973181.396051
2.81972	58.90375	7453208999.419052
2.81895	58.99703	7457447070.575598
2.81819	59.05231	7461632311.480613
2.81742	59.03561	7465874860.254642
2.81666	58.93983	7470064521.021202
2.81589	58.78274	7474311548.20707
2.81513	58.59811	7478505629.607547
2.81436	58.42464	7482757135.975901
2.8136	58.296	7486955638.759181
2.81284	58.23512	7491156338.055995
2.81207	58.25301	7495414549.948211
2.81131	58.35127	7499619671.704567
2.81055	58.5255	7503826990.496094
2.80979	58.76793	7508036506.490028
2.80903	59.06843	7512248219.850681
2.80827	59.22081	7516462130.739406
2.80751	59.39902	7520678239.314604
2.80675	59.64707	7524896545.731702
2.80599	59.95897	7529117050.143154
2.80523	60.31898	7533339752.698432
2.80447	60.69739	7537564653.54402
2.80371	61.05246	7541791752.823382
2.80295	61.34197	7546021050.676997
2.8022	61.53856	7550196855.38046
2.80144	61.63724	7554430521.858831
2.80068	61.65058	7558666387.312984
2.79993	61.59758	7562848673.585977
2.79917	61.49391	7567088908.435726
2.79842	61.34728	7571275506.853458
2.79766	61.15834	7575520111.581577
2.79691	60.92596	7579711022.608566
2.79615	60.65465	7583959997.67368
2.7954	60.36054	7588155221.750562
2.79465	60.07283	7592352588.227123
2.79389	59.8296	7596608105.130418
2.79314	59.67024	7600809785.271444
2.79239	59.62728	7605013608.103957
2.79164	59.71856	7609219573.718818
2.79089	59.93998	7613427682.20391
2.79013	60.26002	7617694084.8072
2.78938	60.62001	7621906507.858731
2.78863	60.94621	7626121074.027122
2.78788	61.17381	7630337783.388155
2.78714	61.00141	7634500370.548007
2.78639	60.72455	7638721337.931313
2.78564	60.4469	7642944448.715523
2.78489	60.22355	7647169702.964289
2.78414	60.07199	7651397100.738183
2.7834	59.97519	7655570234.109704
2.78265	59.8971	7659801890.521102
2.7819	59.80369	7664035690.620199
2.78116	59.68265	7668215141.102908
2.78041	59.55257	7672453200.135051
2.77967	59.4549	7676636852.849968
2.77892	59.4313	7680879170.981183
2.77818	59.49469	7685067026.080022
2.77743	59.46251	7689313603.451776
2.77669	59.46134	7693505661.061949
2.77595	59.45819	7697699805.86519
2.7752	59.42686	7701952758.0154705
2.77446	59.35761	7706151105.475018
2.77372	59.25993	7710351540.185961
2.77298	59.15753	7714554062.161583
2.77223	59.07648	7718815504.749866
2.77149	58.82372	7723022229.489048
2.77075	58.4895	7727231041.514497
2.77001	58.15722	7731441940.827239
2.76927	57.83121	7735654927.425224
2.76853	57.53175	7739870001.303315
2.7678	57.30201	7744030159.876546
2.76706	57.20035	7748249380.080937
2.76632	57.2785	7752470687.531673
2.76558	57.55156	7756694082.211231
2.76484	57.97221	7760919564.09898
2.76411	58.42983	7765089989.947463
2.76337	58.78769	7769319617.972508
2.76263	58.9427	7773551333.125423
2.7619	58.86586	7777727907.917875
2.76116	58.59993	7781963769.020579
2.76043	58.22775	7786144433.66269
2.75969	57.83797	7790384440.559359
2.75896	57.50355	7794569194.885095
2.75823	57.27317	7798755980.072804
2.75749	57.17027	7803002191.213467
2.75676	57.19474	7807193065.790046
2.75603	57.32612	7811385971.068384
2.7553	57.53211	7815580906.989172
2.75456	57.78274	7819835380.280129
2.75383	58.06129	7824034405.110401
2.7531	58.36253	7828235460.385759
2.75237	58.6817	7832438546.034504
2.75164	59.00439	7836643661.981828
2.75091	59.30363	7840850808.149797
2.75018	59.49679	7845059984.457384
2.74945	59.60608	7849271190.820379
2.74872	59.66392	7853484427.151468
2.74799	59.66478	7857699693.36017
2.74727	59.54566	7861859204.463113
2.74654	59.35579	7866078502.339697
2.74581	59.14353	7870299829.804865
2.74509	58.92933	7874465318.841004
2.74436	58.72754	7878690677.371799
2.74363	58.55629	7882918065.17375
2.74291	58.45253	7887089531.208103
2.74218	58.47924	7891320949.4168005
2.74146	58.69914	7895496390.418261
2.74073	58.85049	7899731838.56386
2.74001	59.10742	7903911254.056546
2.73928	59.37964	7908150731.64383
2.73856	59.57052	7912334121.126718
2.73784	59.62985	7916519483.707345
2.73712	59.55174	7920706819.252844
2.73639	59.35425	7924954326.355618
2.73567	58.86139	7929145634.817339
2.73495	58.27926	7933338915.824677
2.73423	57.70586	7937534169.232251
2.73351	57.17736	7941731394.891524
2.73279	56.7122	7945930592.650799
2.73207	56.3136	7950131762.35525
2.73135	55.9772	7954334903.846858
2.73063	55.69861	7958540016.964422
2.72991	55.47805	7962747101.543587
2.72919	55.32062	7966956157.416769
2.72847	55.23367	7971167184.413206
2.72776	55.22188	7975321655.002323
2.72704	55.28077	7979536596.349518
2.72632	55.38972	7983753508.290901
2.72561	55.42268	7987913781.562124
2.72489	55.45955	7992134606.774886
2.72417	55.50632	7996357402.023918
2.72346	55.3892	8000523476.334378
2.72274	55.11178	8004750183.717906
2.72203	54.78001	8008920115.442195
2.72132	54.48252	8013091962.094037
2.7206	54.29563	8017324522.520119
2.71989	54.24932	8021500225.3941345
2.71917	54.32387	8025736695.938713
2.71846	54.47509	8029916254.20677
2.71775	54.66347	8034097726.375839
2.71704	54.86651	8038281112.232301
2.71633	55.075	8042466411.559362
2.71561	55.28234	8046712612.6243925
2.7149	55.47512	8050901765.172019
2.71419	55.62791	8055092830.517589
2.71348	55.70532	8059285808.431549
2.71277	55.67391	8063480698.681114
2.71206	55.52615	8067677501.030303
2.71135	55.30765	8071876215.23992
2.71065	55.12022	8076017664.052119
2.70994	55.07768	8080220174.333041
2.70923	55.24169	8084424595.740918
2.70852	55.59873	8088630928.023628
2.70781	56.08967	8092839170.9258
2.70711	56.6491	8096990012.992943
2.7064	57.22409	8101202049.45387
2.7057	57.77348	8105356631.137027
2.70499	58.24097	8109572460.110948
2.70428	58.5383	8113790198.385964
2.70358	58.78545	8117950400.781717
2.70288	58.93555	8122112458.540171
2.70217	58.90882	8126335869.299401
2.70147	58.69517	8130501663.465965
2.70076	58.39341	8134728863.4454775
2.70006	58.05591	8138898392.899443
2.69936	57.72121	8143069776.32713
2.69865	57.40502	8147302644.544206
2.69795	57.09925	8151477761.533807
2.69725	56.77767	8155654731.626014
2.69655	56.4095	8159833554.525406
2.69585	55.97968	8164014229.9333515
2.69515	55.50389	8168196757.548002
2.69445	55.01855	8172381137.064277
2.69375	54.55041	8176567368.173849
2.69305	54.00069	8180755450.565166
2.69235	53.48006	8184945383.923393
2.69165	53.00172	8189137167.930467
2.69095	52.56185	8193330802.265033
2.69025	52.15796	8197526286.602464
2.68956	51.70785	8201663645.678697
2.68886	51.24771	8205862802.6179695
2.68816	50.84709	8210063808.571289
2.68747	50.53129	8214206609.405847
2.68677	50.31118	8218411285.968243
2.68607	50.17551	8222617810.526347
2.68538	50.09545	8226766050.122198
2.68468	50.04166	8230976243.237809
2.68399	50.00167	8235128098.297817
2.68329	49.98572	8239341958.573722
2.6826	50.01785	8243497427.707671
2.68191	50.11862	8247654690.353953
2.68121	50.2875	8251874035.511977
2.68052	50.48903	8256034910.103251
2.67983	50.3982	8260197577.135496
2.67914	50.15518	8264362036.246876
2.67844	49.80008	8268588680.688832
2.67775	49.39999	8272756748.818825
2.67706	49.06877	8276926607.917611
2.67637	48.90073	8281098257.6103525
2.67568	48.62136	8285271697.518958
2.67499	48.49468	8289446927.262051
2.6743	48.57745	8293623946.45501
2.67361	48.82678	8297802754.7099285
2.67292	49.18251	8301983351.635604
2.67223	49.58253	8306165736.837536
2.67154	49.97952	8310349909.917922
2.67086	50.35627	8314475191.6175165
2.67017	50.73005	8318662913.35148
2.66948	51.13801	8322852421.756553
2.66879	51.60673	8327043716.4216795
2.66811	52.12144	8331176014.898331
2.66742	52.61415	8335370854.964315
2.66673	52.98487	8339567480.04328
2.66605	53.14958	8343705030.451525
2.66536	53.08265	8347905198.425504
2.66468	52.8172	8352046239.548252
2.66399	52.44236	8356249948.717672
2.66331	52.01635	8360394478.866909
2.66263	51.59858	8364540740.160748
2.66194	51.21959	8368749744.967051
2.66126	50.89229	8372899492.712424
2.66058	50.62064	8377050970.309675
2.65989	50.40628	8381265266.798325
2.65921	50.25022	8385420228.212996
2.65853	50.15069	8389576918.157317
2.65785	50.09987	8393735336.1861515
2.65717	50.08162	8397895481.8511095
2.65649	50.07085	8402057354.700492
2.65581	50.03655	8406220954.279316
2.65513	49.94985	8410386280.129293
2.65445	49.79489	8414553331.78886
2.65377	49.57677	8418722108.793121
2.65309	49.31781	8422892610.673845
2.65241	49.04319	8427064836.959505
2.65173	48.76656	8431238787.175213
2.65106	48.48521	8435353041.3932705
2.65038	48.18429	8439530412.696772
2.6497	47.84519	8443709506.492737
2.64902	47.4542	8447890322.292937
2.64835	47.0104	8452011339.23441
2.64767	46.5298	8456195572.259316
2.647	46.04342	8460319955.20783
2.64632	45.58813	8464507603.49326
2.64565	45.19345	8468635350.500394
2.64497	44.87098	8472826412.055537
2.6443	44.61191	8476957521.1466055
2.64362	44.392	8481151993.953894
2.64295	44.18067	8485286463.127793
2.64228	43.94929	8489422599.147142
2.6416	43.67677	8493622172.371904
2.64093	43.3528	8497761665.430257
2.64026	42.97916	8501902823.808599
2.63959	42.56959	8506045646.994406
2.63891	42.14774	8510252005.096737
2.63824	41.74267	8514398181.175199
2.63757	41.3819	8518546020.495955
2.6369	41.08315	8522695522.533257
2.63623	40.84612	8526846686.757988
2.63556	40.648	8530999512.637779
2.63489	40.44485	8535153999.636886
2.63422	40.18225	8539310147.216241
2.63355	39.81526	8543467954.833429
2.63288	39.33132	8547627421.942679
2.63222	38.76391	8551726429.443189
2.63155	38.18359	8555889189.137825
2.63088	37.66626	8560053606.675372
2.63021	37.25716	8564219681.496622
2.62955	36.95427	8568325195.914295
2.62888	36.71925	8572494558.897252
2.62821	36.50418	8576665577.474479
2.62755	36.27597	8580775960.199023
2.62688	36.02587	8584950263.554145
2.62622	35.7645	8589063880.908538
2.62555	35.5096	8593241466.75782
2.62489	35.27526	8597358316.47917
2.62422	35.06656	8601539182.511969
2.62356	34.88081	8605659262.31083
2.6229	34.71331	8609780944.147102
2.62223	34.56526	8613966713.749704
2.62157	34.45011	8618091622.18805
2.62091	34.39243	8622218130.924267
2.62025	34.41407	8626346239.374817
2.61958	34.50947	8630538530.574913
2.61892	34.62494	8634669860.906002
2.61826	34.66643	8638802789.171978
2.6176	34.5432	8642937314.775991
2.61694	34.21831	8647073437.11788
2.61628	33.7266	8651211155.594141
2.61562	33.15086	8655350469.597937
2.61496	32.58105	8659491378.51906
2.6143	32.08387	8663633881.743965
2.61364	31.69096	8667777978.65572
2.61298	31.40288	8671923668.634033
2.61233	31.20102	8676008101.564693
2.61167	31.06146	8680156951.687962
2.61101	30.96627	8684307393.006153
2.61035	30.90825	8688459424.885437
2.6097	30.88775	8692550101.165697
2.60904	30.9022	8696705288.176844
2.60838	30.93382	8700862063.836912
2.60773	30.94104	8704957410.143608
2.60707	30.86131	8709117337.10985
2.60642	30.62959	8713215785.709677
2.60576	30.20952	8717378861.404406
2.60511	29.61963	8721480409.74542
2.60445	28.92996	8725646631.563904
2.6038	28.22731	8729751277.067474
2.60315	27.57692	8733857458.36565
2.60249	27.00785	8738028382.438473
2.60184	26.52151	8742137656.990965
2.60119	26.10754	8746248465.383905
2.60053	25.75481	8750424085.727833
2.59988	25.45272	8754537983.40643
2.59923	25.18526	8758653412.94122
2.59858	24.92172	8762770373.667492
2.59793	24.61165	8766888864.917187
2.59728	24.19529	8771008886.018902
2.59663	23.64064	8775130436.297892
2.59598	22.99322	8779253515.076063
2.59533	22.37447	8783378121.671925
2.59468	21.88748	8787504255.400644
2.59403	21.53679	8791631915.573977
2.59338	21.2655	8795761101.500336
2.59273	21.02991	8799891812.484692
2.59209	20.82092	8803960463.435263
2.59144	20.64697	8808094199.00143
2.59079	20.51558	8812229457.531013
2.59014	20.42635	8816366238.31541
2.5895	20.37109	8820440862.9324
2.58885	20.33531	8824580662.694952
2.5882	20.29814	8828721982.576973
2.58756	20.23479	8832801074.362995
2.58691	20.12428	8836945408.95485
2.58627	19.96175	8841027467.659946
2.58562	19.7684	8845174814.089558
2.58498	19.59218	8849259836.872473
2.58433	19.49307	8853410192.240547
2.58369	19.51386	8857498176.233168
2.58305	19.65111	8861587628.280325
2.5824	19.84872	8865742479.920414
2.58176	20.01971	8869834888.835897
2.58112	20.0789	8873928763.637018
2.58048	19.96516	8878024103.597914
2.57983	19.64975	8882184932.173716
2.57919	19.13798	8886283223.127647
2.57855	18.47138	8890382977.032188
2.57791	17.73026	8894484193.148058
2.57727	17.02891	8898586870.732624
2.57663	16.49385	8902691009.039865
2.57599	16.22447	8906796607.320412
2.57535	16.25311	8910903664.821522
2.57471	16.53133	8915012180.787052
2.57407	16.95311	8919122154.457478
2.57343	17.39801	8923233585.069866
2.57279	17.76706	8927346471.857895
2.57216	17.99851	8931396516.266266
2.57152	18.06713	8935512290.370234
2.57088	17.97678	8939629518.342505
2.57024	17.7518	8943748199.403103
2.56961	17.42831	8947803944.519928
2.56897	17.04511	8951925506.729588
2.56833	16.63571	8956048519.679365
2.5677	16.22302	8960108526.696127
2.56706	15.81836	8964234416.104685
2.56643	15.42422	8968297253.087221
2.56579	15.04169	8972426015.801939
2.56516	14.68208	8976491679.633497
2.56452	14.37991	8980623312.474499
2.56389	14.19429	8984691800.011435
2.56326	14.18356	8988761687.109272
2.56262	14.35898	8992897607.84316
2.56199	14.65824	8996970313.89286
2.56136	14.97187	9001044417.130365
2.56072	15.19851	9005184618.48658
2.56009	15.28052	9009261535.861649
2.55946	15.20695	9013339848.021185
2.55883	14.99863	9017419554.161587
2.5582	14.69204	9021500653.475906
2.55757	14.32767	9025583145.153809
2.55694	13.94248	9029667028.381622
2.55631	13.56589	9033752302.342295
2.55568	13.21835	9037838966.215393
2.55505	12.91279	9041927019.177095
2.55442	12.65798	9046016460.400188
2.55379	12.46298	9050107289.054066
2.55316	12.34043	9054199504.304695
2.55253	12.30745	9058293105.314653
2.5519	12.3833	9062388091.243084
2.55127	12.58387	9066484461.245697
2.55065	12.91387	9070517159.973389
2.55002	13.35845	9074616273.641987
2.54939	13.87925	9078716768.844887
2.54877	14.41764	9082753524.803762
2.54814	14.90771	9086856758.602688
2.54751	15.29361	9090961371.36525
2.54689	15.54481	9095002177.00587
2.54626	15.66245	9099109523.233282
2.54564	15.67471	9103153017.258253
2.54501	15.6248	9107263093.504742
2.54439	15.5553	9111309272.509537
2.54377	15.49361	9115356781.992914
2.54314	15.44429	9119470935.855146
2.54252	15.39274	9123521125.174835
2.54189	15.31849	9127638000.335978
2.54127	15.20997	9131690866.019943
2.54065	15.07242	9135745057.88406
2.54003	14.92733	9139800575.064112
2.53941	14.80655	9143857416.692562
2.53878	14.74467	9147981047.017397
2.53816	14.77018	9152040556.253372
2.53754	14.89561	9156101387.300837
2.53692	15.10908	9160163539.27877
2.5363	15.37202	9164227011.302769
2.53568	15.62638	9168291802.485083
2.53506	15.80972	9172357911.934544
2.53444	15.87285	9176425338.756598
2.53382	15.79493	9180494082.053303
2.5332	15.59269	9184564140.923302
2.53258	15.3205	9188635514.461828
2.53197	15.05764	9192642502.83668
2.53135	14.88566	9196716481.816532
2.53073	14.86289	9200791772.744843
2.53011	15.00714	9204868374.70319
2.5295	15.29233	9208880503.604296
2.52888	15.65782	9212959703.745136
2.52826	16.02604	9217040212.15502
2.52765	16.32315	9221056181.795801
2.52703	16.49711	9225139282.880157
2.52641	16.52905	9229223689.441704
2.5258	16.43318	9233243491.625986
2.52518	16.24566	9237330485.292572
2.52457	16.00772	9241352831.019379
2.52395	15.75129	9245442408.053934
2.52334	15.49394	9249467293.632982
2.52273	15.24462	9253493437.436327
2.52211	15.01538	9257586871.985008
2.5215	14.83142	9261615550.06971
2.52089	14.73328	9265645483.600864
2.52027	14.76813	9269742767.147186
2.51966	14.9728	9273775229.327993
2.51905	15.35548	9277808944.147137
2.51844	15.88472	9281843910.666985
2.51783	16.49289	9285880127.946514
2.51722	17.09465	9289917595.041367
2.51661	17.61356	9293956311.003832
2.51599	18.00454	9298062514.190023
2.51538	18.26181	9302103745.465073
2.51477	18.41084	9306146222.72858
2.51417	18.48996	9310123644.457188
2.51356	18.53185	9314168590.423666
2.51295	18.55312	9318214779.500414
2.51234	18.55471	9322262210.715998
2.51173	18.53126	9326310883.095556
2.51112	18.48332	9330360795.660791
2.51051	18.42442	9334411947.43002
2.50991	18.38006	9338397894.817633
2.5093	18.37833	9342451501.761463
2.50869	18.43846	9346506344.959795
2.50808	18.56305	9350562423.417204
2.50748	18.73924	9354553212.865862
2.50687	18.94759	9358611738.632032
2.50627	19.17416	9362604933.326714
2.50566	19.41855	9366665902.444231
2.50506	19.69302	9370661498.47902
2.50445	20.01157	9374724906.96326
2.50385	20.37473	9378722900.405458
2.50324	20.75842	9382788744.24452
2.50264	21.11442	9386789131.13453
2.50203	21.38402	9390857406.289099
2.50143	21.51999	9394860182.640327
2.50083	21.50648	9398864142.361462
2.50022	21.36966	9402936046.842367
2.49962		9406942390.01069
